1.00049e-06;4.99982e-10;4.99982e-10;4.99982e-10;9.9995e-06;9.9995e-06;9.9995e-06;9.9995e-06
6.08065e-06;5.08166e-06;5.08166e-06;5.08166e-06;0.00100492;0.00100492;0.00100492;0.00100492
2.10504e-05;2.00524e-05;2.00524e-05;2.00524e-05;0.00198993;0.00198993;0.00198993;0.00198993
4.58012e-05;4.48042e-05;4.48042e-05;4.48042e-05;0.00296514;0.00296514;0.00296514;0.00296514
8.02259e-05;7.92299e-05;7.92298e-05;7.92298e-05;0.00393061;0.00393061;0.00393061;0.00393061
0.000124218;0.000123223;0.000123223;0.000123223;0.00488642;0.00488642;0.00488641;0.00488641
0.000177671;0.000176677;0.000176676;0.000176676;0.00583259;0.00583259;0.00583258;0.00583258
0.000240479;0.000239486;0.000239486;0.000239486;0.00676914;0.00676914;0.00676913;0.00676913
0.000312537;0.000311545;0.000311545;0.000311545;0.00769605;0.00769605;0.00769603;0.00769603
0.000393739;0.000392748;0.000392748;0.000392748;0.00861325;0.00861325;0.00861323;0.00861323
0.000483979;0.000482989;0.000482988;0.000482988;0.00952066;0.00952066;0.00952063;0.00952063
0.000583149;0.00058216;0.000582158;0.000582158;0.0104181;0.0104181;0.0104181;0.0104181
0.000691139;0.000690151;0.000690149;0.000690149;0.0113055;0.0113055;0.0113054;0.0113054
0.000807838;0.000806851;0.000806849;0.000806849;0.0121825;0.0121825;0.0121824;0.0121824
0.000933134;0.000932148;0.000932145;0.000932145;0.0130488;0.0130488;0.0130487;0.0130487
0.00106691;0.00106592;0.00106592;0.00106592;0.0139041;0.0139041;0.013904;0.013904
0.00120904;0.00120806;0.00120805;0.00120805;0.0147481;0.0147481;0.014748;0.014748
0.00135941;0.00135843;0.00135842;0.00135842;0.0155802;0.0155802;0.0155801;0.0155801
0.00151788;0.0015169;0.00151689;0.00151689;0.0164001;0.0164001;0.0163999;0.0163999
0.00168433;0.00168335;0.00168334;0.00168334;0.0172071;0.0172071;0.0172069;0.0172069
0.00185861;0.00185763;0.00185762;0.00185762;0.0180006;0.0180006;0.0180004;0.0180004
0.00204058;0.0020396;0.00203958;0.00203958;0.0187801;0.0187801;0.0187799;0.0187799
0.00223008;0.0022291;0.00222908;0.00222908;0.0195449;0.0195449;0.0195446;0.0195446
0.00242696;0.00242598;0.00242596;0.00242596;0.0202943;0.0202943;0.020294;0.020294
0.00263106;0.00263008;0.00263006;0.00263006;0.0210276;0.0210276;0.0210273;0.0210273
0.00284219;0.00284122;0.00284119;0.00284119;0.0217441;0.0217441;0.0217437;0.0217437
0.00306019;0.00305922;0.00305919;0.00305919;0.0224431;0.0224431;0.0224427;0.0224427
0.00328487;0.0032839;0.00328386;0.00328386;0.0231239;0.0231239;0.0231234;0.0231234
0.00351604;0.00351506;0.00351502;0.00351502;0.0237857;0.0237857;0.0237852;0.0237852
0.00375349;0.00375252;0.00375247;0.00375247;0.024428;0.024428;0.0244274;0.0244274
0.00399702;0.00399605;0.003996;0.003996;0.0250501;0.0250501;0.0250495;0.0250495
0.00424642;0.00424546;0.00424539;0.00424539;0.0256514;0.0256515;0.0256507;0.0256507
0.00450148;0.00450052;0.00450045;0.00450045;0.0262315;0.0262315;0.0262307;0.0262307
0.00476198;0.00476101;0.00476093;0.00476093;0.0267898;0.0267898;0.026789;0.026789
0.00502768;0.00502672;0.00502663;0.00502663;0.027326;0.027326;0.0273251;0.0273251
0.00529837;0.0052974;0.00529731;0.00529731;0.0278398;0.0278398;0.0278389;0.0278389
0.0055738;0.00557284;0.00557273;0.00557273;0.0283309;0.0283309;0.0283299;0.0283299
0.00585376;0.0058528;0.00585268;0.00585268;0.0287992;0.0287992;0.0287982;0.0287982
0.006138;0.00613704;0.00613692;0.00613692;0.0292446;0.0292446;0.0292435;0.0292435
0.0064263;0.00642534;0.0064252;0.0064252;0.0296671;0.0296672;0.029666;0.029666
0.00671841;0.00671746;0.00671731;0.00671731;0.0300669;0.0300669;0.0300657;0.0300657
0.00701412;0.00701317;0.007013;0.007013;0.030444;0.0304441;0.0304428;0.0304428
0.00731319;0.00731224;0.00731206;0.00731206;0.0307987;0.0307988;0.0307974;0.0307974
0.00761539;0.00761444;0.00761425;0.00761425;0.0311313;0.0311314;0.03113;0.03113
0.00792051;0.00791956;0.00791936;0.00791936;0.0314422;0.0314423;0.0314408;0.0314408
0.00822832;0.00822738;0.00822716;0.00822716;0.0317317;0.0317319;0.0317303;0.0317303
0.00853862;0.00853767;0.00853744;0.00853744;0.0320004;0.0320005;0.0319989;0.0319989
0.00885119;0.00885024;0.00884999;0.00884999;0.0322487;0.0322488;0.0322472;0.0322472
0.00916582;0.00916488;0.00916462;0.00916462;0.0324771;0.0324773;0.0324756;0.0324756
0.00948233;0.0094814;0.00948111;0.00948111;0.0326863;0.0326865;0.0326848;0.0326848
0.00980052;0.00979959;0.00979929;0.00979929;0.0328768;0.032877;0.0328752;0.0328752
0.0101202;0.0101193;0.010119;0.010119;0.0330492;0.0330494;0.0330476;0.0330476
0.0104412;0.0104403;0.0104399;0.0104399;0.0332042;0.0332044;0.0332025;0.0332025
0.0107634;0.0107624;0.0107621;0.0107621;0.0333423;0.0333425;0.0333406;0.0333406
0.0110865;0.0110856;0.0110852;0.0110852;0.0334642;0.0334644;0.0334625;0.0334625
0.0114104;0.0114095;0.0114091;0.0114091;0.0335705;0.0335708;0.0335688;0.0335688
0.011735;0.0117341;0.0117337;0.0117337;0.0336619;0.0336622;0.0336602;0.0336602
0.0120601;0.0120592;0.0120588;0.0120588;0.0337389;0.0337392;0.0337372;0.0337372
0.0123856;0.0123847;0.0123843;0.0123843;0.0338022;0.0338025;0.0338005;0.0338005
0.0127114;0.0127105;0.01271;0.01271;0.0338524;0.0338527;0.0338506;0.0338506
0.0130372;0.0130363;0.0130358;0.0130358;0.03389;0.0338904;0.0338882;0.0338882
0.013363;0.0133622;0.0133616;0.0133616;0.0339157;0.033916;0.0339139;0.0339139
0.0136888;0.0136879;0.0136873;0.0136873;0.0339299;0.0339303;0.0339281;0.0339281
0.0140142;0.0140133;0.0140128;0.0140128;0.0339333;0.0339336;0.0339314;0.0339314
0.0143394;0.0143385;0.0143379;0.0143379;0.0339262;0.0339266;0.0339244;0.0339244
0.014664;0.0146632;0.0146626;0.0146626;0.0339094;0.0339098;0.0339075;0.0339075
0.0149882;0.0149873;0.0149867;0.0149867;0.0338831;0.0338835;0.0338812;0.0338812
0.0153117;0.0153108;0.0153102;0.0153102;0.033848;0.0338484;0.0338461;0.0338461
0.0156345;0.0156336;0.015633;0.015633;0.0338044;0.0338048;0.0338025;0.0338025
0.0159565;0.0159556;0.0159549;0.0159549;0.0337527;0.0337532;0.0337508;0.0337508
0.0162776;0.0162768;0.016276;0.016276;0.0336935;0.0336939;0.0336916;0.0336916
0.0165978;0.0165969;0.0165962;0.0165962;0.033627;0.0336275;0.0336251;0.0336251
0.0169169;0.0169161;0.0169153;0.0169153;0.0335537;0.0335542;0.0335519;0.0335519
0.017235;0.0172342;0.0172334;0.0172334;0.033474;0.0334745;0.0334721;0.0334721
0.0175519;0.0175511;0.0175503;0.0175503;0.0333881;0.0333886;0.0333862;0.0333862
0.0178676;0.0178668;0.017866;0.017866;0.0332965;0.033297;0.0332946;0.0332946
0.0181821;0.0181813;0.0181804;0.0181804;0.0331994;0.0331999;0.0331975;0.0331975
0.0184952;0.0184944;0.0184936;0.0184936;0.0330971;0.0330977;0.0330952;0.0330952
0.018807;0.0188062;0.0188053;0.0188053;0.03299;0.0329905;0.0329881;0.0329881
0.0191174;0.0191166;0.0191157;0.0191157;0.0328782;0.0328788;0.0328764;0.0328764
0.0194264;0.0194256;0.0194246;0.0194246;0.0327622;0.0327628;0.0327603;0.0327603
0.0197338;0.019733;0.019732;0.019732;0.0326421;0.0326427;0.0326402;0.0326402
0.0200397;0.0200389;0.0200379;0.0200379;0.0325181;0.0325187;0.0325162;0.0325162
0.0203441;0.0203433;0.0203423;0.0203423;0.0323905;0.0323911;0.0323887;0.0323887
0.0206468;0.0206461;0.020645;0.020645;0.0322596;0.0322602;0.0322577;0.0322577
0.020948;0.0209472;0.0209461;0.0209461;0.0321254;0.0321261;0.0321236;0.0321236
0.0212474;0.0212467;0.0212456;0.0212456;0.0319883;0.031989;0.0319865;0.0319865
0.0215452;0.0215445;0.0215434;0.0215434;0.0318484;0.0318491;0.0318466;0.0318466
0.0218413;0.0218406;0.0218394;0.0218394;0.0317059;0.0317066;0.0317041;0.0317041
0.0221356;0.0221349;0.0221338;0.0221338;0.031561;0.0315617;0.0315592;0.0315592
0.0224282;0.0224275;0.0224263;0.0224263;0.0314138;0.0314145;0.031412;0.031412
0.0227191;0.0227183;0.0227171;0.0227171;0.0312644;0.0312651;0.0312627;0.0312627
0.0230081;0.0230074;0.0230062;0.0230062;0.0311131;0.0311138;0.0311114;0.0311114
0.0232953;0.0232946;0.0232934;0.0232934;0.03096;0.0309607;0.0309583;0.0309583
0.0235807;0.02358;0.0235787;0.0235787;0.0308052;0.0308059;0.0308035;0.0308035
0.0238642;0.0238636;0.0238623;0.0238623;0.0306488;0.0306495;0.0306471;0.0306471
0.0241459;0.0241453;0.0241439;0.0241439;0.030491;0.0304917;0.0304893;0.0304893
0.0244258;0.0244251;0.0244238;0.0244238;0.0303319;0.0303326;0.0303302;0.0303302
0.0247037;0.0247031;0.0247017;0.0247017;0.0301715;0.0301723;0.0301698;0.0301698
0.0249798;0.0249791;0.0249777;0.0249777;0.0300101;0.0300108;0.0300084;0.0300084
0.025254;0.0252533;0.0252519;0.0252519;0.0298476;0.0298484;0.0298459;0.0298459
0.0255262;0.0255256;0.0255242;0.0255242;0.0296843;0.029685;0.0296826;0.0296826
0.0257966;0.025796;0.0257945;0.0257945;0.0295201;0.0295208;0.0295184;0.0295184
0.026065;0.0260644;0.0260629;0.0260629;0.0293552;0.0293559;0.0293535;0.0293535
0.0263316;0.026331;0.0263294;0.0263294;0.0291896;0.0291904;0.029188;0.029188
0.0265962;0.0265956;0.026594;0.026594;0.0290235;0.0290243;0.0290219;0.0290219
0.0268588;0.0268582;0.0268567;0.0268567;0.0288569;0.0288577;0.0288553;0.0288553
0.0271196;0.027119;0.0271174;0.0271174;0.0286899;0.0286907;0.0286883;0.0286883
0.0273784;0.0273778;0.0273762;0.0273762;0.0285225;0.0285233;0.0285209;0.0285209
0.0276353;0.0276347;0.0276331;0.0276331;0.0283549;0.0283557;0.0283533;0.0283533
0.0278902;0.0278897;0.027888;0.027888;0.028187;0.0281878;0.0281854;0.0281854
0.0281432;0.0281427;0.028141;0.028141;0.028019;0.0280198;0.0280174;0.0280174
0.0283943;0.0283938;0.0283921;0.0283921;0.0278509;0.0278517;0.0278493;0.0278493
0.0286435;0.0286429;0.0286412;0.0286412;0.0276827;0.0276835;0.0276812;0.0276812
0.0288907;0.0288902;0.0288884;0.0288884;0.0275145;0.0275153;0.027513;0.027513
0.029136;0.0291355;0.0291337;0.0291337;0.0273464;0.0273472;0.0273449;0.0273449
0.0293793;0.0293788;0.0293771;0.0293771;0.0271784;0.0271792;0.0271769;0.0271769
0.0296208;0.0296203;0.0296185;0.0296185;0.0270105;0.0270113;0.027009;0.027009
0.0298603;0.0298598;0.029858;0.029858;0.0268428;0.0268436;0.0268413;0.0268413
0.0300979;0.0300974;0.0300956;0.0300956;0.0266754;0.0266762;0.0266739;0.0266739
0.0303336;0.0303332;0.0303313;0.0303313;0.0265082;0.026509;0.0265067;0.0265067
0.0305674;0.030567;0.0305651;0.0305651;0.0263413;0.0263421;0.0263398;0.0263398
0.0307993;0.0307989;0.030797;0.030797;0.0261747;0.0261755;0.0261733;0.0261733
0.0310293;0.0310289;0.031027;0.031027;0.0260085;0.0260094;0.0260071;0.0260071
0.0312574;0.031257;0.0312551;0.0312551;0.0258427;0.0258436;0.0258413;0.0258413
0.0314837;0.0314832;0.0314813;0.0314813;0.0256774;0.0256782;0.025676;0.025676
0.031708;0.0317076;0.0317056;0.0317056;0.0255125;0.0255133;0.0255111;0.0255111
0.0319305;0.0319301;0.0319281;0.0319281;0.0253481;0.0253489;0.0253467;0.0253467
0.0321511;0.0321507;0.0321487;0.0321487;0.0251842;0.025185;0.0251828;0.0251828
0.0323699;0.0323695;0.0323674;0.0323674;0.0250208;0.0250217;0.0250195;0.0250195
0.0325868;0.0325864;0.0325844;0.0325844;0.024858;0.0248589;0.0248567;0.0248567
0.0328019;0.0328015;0.0327994;0.0327994;0.0246958;0.0246966;0.0246945;0.0246945
0.0330151;0.0330147;0.0330126;0.0330126;0.0245342;0.024535;0.0245329;0.0245329
0.0332265;0.0332262;0.0332241;0.0332241;0.0243732;0.024374;0.0243719;0.0243719
0.0334361;0.0334358;0.0334336;0.0334336;0.0242128;0.0242137;0.0242115;0.0242115
0.0336439;0.0336436;0.0336414;0.0336414;0.0240532;0.024054;0.0240519;0.0240519
0.0338499;0.0338496;0.0338474;0.0338474;0.0238941;0.023895;0.0238929;0.0238929
0.0340541;0.0340538;0.0340516;0.0340516;0.0237358;0.0237367;0.0237346;0.0237346
0.0342565;0.0342562;0.034254;0.034254;0.0235782;0.0235791;0.0235769;0.0235769
0.0344572;0.0344568;0.0344546;0.0344546;0.0234213;0.0234222;0.0234201;0.0234201
0.034656;0.0346557;0.0346535;0.0346535;0.0232651;0.023266;0.0232639;0.0232639
0.0348531;0.0348529;0.0348506;0.0348506;0.0231097;0.0231106;0.0231085;0.0231085
0.0350485;0.0350482;0.035046;0.035046;0.0229551;0.0229559;0.0229539;0.0229539
0.0352422;0.0352419;0.0352396;0.0352396;0.0228012;0.022802;0.0228;0.0228
0.0354341;0.0354338;0.0354315;0.0354315;0.0226481;0.0226489;0.0226469;0.0226469
0.0356243;0.035624;0.0356217;0.0356217;0.0224958;0.0224966;0.0224946;0.0224946
0.0358127;0.0358125;0.0358101;0.0358101;0.0223443;0.0223451;0.0223431;0.0223431
0.0359995;0.0359993;0.0359969;0.0359969;0.0221936;0.0221944;0.0221924;0.0221924
0.0361846;0.0361844;0.036182;0.036182;0.0220437;0.0220445;0.0220425;0.0220425
0.036368;0.0363678;0.0363654;0.0363654;0.0218946;0.0218955;0.0218935;0.0218935
0.0365498;0.0365496;0.0365471;0.0365471;0.0217464;0.0217472;0.0217452;0.0217452
0.0367299;0.0367297;0.0367272;0.0367272;0.021599;0.0215998;0.0215979;0.0215979
0.0369083;0.0369081;0.0369056;0.0369056;0.0214524;0.0214533;0.0214513;0.0214513
0.0370851;0.0370849;0.0370824;0.0370824;0.0213067;0.0213076;0.0213056;0.0213056
0.0372603;0.0372601;0.0372576;0.0372576;0.0211618;0.0211627;0.0211608;0.0211608
0.0374338;0.0374336;0.0374311;0.0374311;0.0210178;0.0210187;0.0210168;0.0210168
0.0376057;0.0376056;0.0376031;0.0376031;0.0208747;0.0208756;0.0208736;0.0208736
0.0377761;0.0377759;0.0377734;0.0377734;0.0207324;0.0207333;0.0207314;0.0207314
0.0379448;0.0379447;0.0379421;0.0379421;0.020591;0.0205919;0.02059;0.02059
0.038112;0.0381119;0.0381093;0.0381093;0.0204505;0.0204514;0.0204495;0.0204495
0.0382776;0.0382775;0.0382749;0.0382749;0.0203108;0.0203117;0.0203098;0.0203098
0.0384417;0.0384416;0.038439;0.038439;0.0201721;0.0201729;0.0201711;0.0201711
0.0386042;0.0386041;0.0386015;0.0386015;0.0200342;0.020035;0.0200332;0.0200332
0.0387652;0.0387651;0.0387624;0.0387624;0.0198971;0.019898;0.0198962;0.0198962
0.0389246;0.0389245;0.0389219;0.0389219;0.019761;0.0197619;0.01976;0.01976
0.0390825;0.0390825;0.0390798;0.0390798;0.0196258;0.0196266;0.0196248;0.0196248
0.039239;0.0392389;0.0392362;0.0392362;0.0194914;0.0194922;0.0194904;0.0194904
0.0393939;0.0393938;0.0393911;0.0393911;0.0193579;0.0193588;0.019357;0.019357
0.0395473;0.0395473;0.0395446;0.0395446;0.0192253;0.0192262;0.0192244;0.0192244
0.0396993;0.0396993;0.0396965;0.0396965;0.0190936;0.0190944;0.0190927;0.0190927
0.0398498;0.0398498;0.039847;0.039847;0.0189628;0.0189636;0.0189618;0.0189618
0.0399989;0.0399988;0.0399961;0.0399961;0.0188328;0.0188337;0.0188319;0.0188319
0.0401465;0.0401465;0.0401437;0.0401437;0.0187038;0.0187046;0.0187029;0.0187029
0.0402927;0.0402926;0.0402899;0.0402899;0.0185756;0.0185764;0.0185747;0.0185747
0.0404374;0.0404374;0.0404346;0.0404346;0.0184483;0.0184491;0.0184474;0.0184474
0.0405808;0.0405808;0.0405779;0.0405779;0.0183219;0.0183227;0.018321;0.018321
0.0407227;0.0407227;0.0407199;0.0407199;0.0181963;0.0181972;0.0181955;0.0181955
0.0408632;0.0408633;0.0408604;0.0408604;0.0180717;0.0180725;0.0180708;0.0180708
0.0410024;0.0410024;0.0409996;0.0409996;0.0179479;0.0179488;0.0179471;0.0179471
0.0411402;0.0411402;0.0411374;0.0411374;0.017825;0.0178259;0.0178242;0.0178242
0.0412766;0.0412767;0.0412738;0.0412738;0.017703;0.0177038;0.0177022;0.0177022
0.0414117;0.0414118;0.0414089;0.0414089;0.0175818;0.0175827;0.017581;0.017581
0.0415454;0.0415455;0.0415426;0.0415426;0.0174616;0.0174624;0.0174607;0.0174607
0.0416778;0.0416779;0.041675;0.041675;0.0173421;0.017343;0.0173413;0.0173413
0.0418089;0.041809;0.0418061;0.0418061;0.0172236;0.0172244;0.0172228;0.0172228
0.0419387;0.0419388;0.0419358;0.0419358;0.0171059;0.0171067;0.0171051;0.0171051
0.0420672;0.0420673;0.0420643;0.0420643;0.0169891;0.0169899;0.0169883;0.0169883
0.0421944;0.0421945;0.0421915;0.0421915;0.0168731;0.0168739;0.0168723;0.0168723
0.0423203;0.0423204;0.0423174;0.0423174;0.016758;0.0167588;0.0167572;0.0167572
0.0424449;0.042445;0.042442;0.042442;0.0166437;0.0166445;0.0166429;0.0166429
0.0425682;0.0425684;0.0425653;0.0425653;0.0165303;0.0165311;0.0165295;0.0165295
0.0426903;0.0426905;0.0426874;0.0426874;0.0164177;0.0164185;0.0164169;0.0164169
0.0428112;0.0428114;0.0428083;0.0428083;0.0163059;0.0163068;0.0163052;0.0163052
0.0429308;0.042931;0.0429279;0.0429279;0.016195;0.0161959;0.0161943;0.0161943
0.0430493;0.0430494;0.0430463;0.0430463;0.016085;0.0160858;0.0160842;0.0160842
0.0431665;0.0431666;0.0431635;0.0431635;0.0159757;0.0159765;0.015975;0.015975
0.0432824;0.0432826;0.0432795;0.0432795;0.0158673;0.0158681;0.0158666;0.0158666
0.0433972;0.0433974;0.0433943;0.0433943;0.0157597;0.0157605;0.015759;0.015759
0.0435108;0.043511;0.0435079;0.0435079;0.015653;0.0156538;0.0156523;0.0156523
0.0436233;0.0436235;0.0436203;0.0436203;0.015547;0.0155478;0.0155463;0.0155463
0.0437345;0.0437348;0.0437316;0.0437316;0.0154419;0.0154427;0.0154412;0.0154412
0.0438446;0.0438449;0.0438417;0.0438417;0.0153375;0.0153383;0.0153369;0.0153369
0.0439536;0.0439538;0.0439507;0.0439507;0.015234;0.0152348;0.0152333;0.0152333
0.0440614;0.0440617;0.0440585;0.0440585;0.0151313;0.0151321;0.0151306;0.0151306
0.0441681;0.0441684;0.0441652;0.0441652;0.0150293;0.0150302;0.0150287;0.0150287
0.0442737;0.0442739;0.0442707;0.0442707;0.0149282;0.014929;0.0149276;0.0149276
0.0443781;0.0443784;0.0443752;0.0443752;0.0148279;0.0148287;0.0148272;0.0148272
0.0444815;0.0444817;0.0444785;0.0444785;0.0147283;0.0147291;0.0147277;0.0147277
0.0445837;0.044584;0.0445808;0.0445808;0.0146295;0.0146303;0.0146289;0.0146289
0.0446849;0.0446852;0.0446819;0.0446819;0.0145315;0.0145323;0.0145309;0.0145309
0.044785;0.0447853;0.044782;0.044782;0.0144343;0.0144351;0.0144337;0.0144337
0.044884;0.0448843;0.044881;0.044881;0.0143378;0.0143386;0.0143372;0.0143372
0.044982;0.0449823;0.044979;0.044979;0.0142421;0.0142429;0.0142415;0.0142415
0.0450789;0.0450792;0.0450759;0.0450759;0.0141471;0.0141479;0.0141466;0.0141466
0.0451748;0.0451751;0.0451718;0.0451718;0.0140529;0.0140537;0.0140524;0.0140524
0.0452696;0.0452699;0.0452666;0.0452666;0.0139595;0.0139603;0.0139589;0.0139589
0.0453634;0.0453638;0.0453604;0.0453604;0.0138668;0.0138676;0.0138662;0.0138662
0.0454562;0.0454566;0.0454532;0.0454532;0.0137749;0.0137756;0.0137743;0.0137743
0.045548;0.0455484;0.045545;0.045545;0.0136836;0.0136844;0.0136831;0.0136831
0.0456388;0.0456392;0.0456358;0.0456358;0.0135931;0.0135939;0.0135926;0.0135926
0.0457286;0.045729;0.0457256;0.0457256;0.0135034;0.0135042;0.0135028;0.0135028
0.0458174;0.0458178;0.0458144;0.0458144;0.0134144;0.0134151;0.0134138;0.0134138
0.0459053;0.0459056;0.0459023;0.0459023;0.013326;0.0133268;0.0133255;0.0133255
0.0459921;0.0459925;0.0459891;0.0459891;0.0132384;0.0132392;0.0132379;0.0132379
0.0460781;0.0460784;0.046075;0.046075;0.0131515;0.0131523;0.013151;0.013151
0.046163;0.0461634;0.04616;0.04616;0.0130654;0.0130661;0.0130648;0.0130648
0.046247;0.0462474;0.046244;0.046244;0.0129799;0.0129807;0.0129794;0.0129794
0.0463301;0.0463305;0.0463271;0.0463271;0.0128951;0.0128959;0.0128946;0.0128946
0.0464123;0.0464127;0.0464093;0.0464093;0.012811;0.0128118;0.0128105;0.0128105
0.0464935;0.046494;0.0464905;0.0464905;0.0127276;0.0127284;0.0127271;0.0127271
0.0465738;0.0465743;0.0465708;0.0465708;0.0126449;0.0126457;0.0126444;0.0126444
0.0466533;0.0466537;0.0466502;0.0466502;0.0125628;0.0125636;0.0125624;0.0125624
0.0467318;0.0467323;0.0467288;0.0467288;0.0124815;0.0124822;0.012481;0.012481
0.0468094;0.0468099;0.0468064;0.0468064;0.0124008;0.0124015;0.0124003;0.0124003
0.0468862;0.0468867;0.0468832;0.0468832;0.0123207;0.0123215;0.0123203;0.0123203
0.0469621;0.0469626;0.0469591;0.0469591;0.0122414;0.0122421;0.0122409;0.0122409
0.0470371;0.0470376;0.0470341;0.0470341;0.0121627;0.0121634;0.0121622;0.0121622
0.0471113;0.0471118;0.0471082;0.0471082;0.0120846;0.0120854;0.0120842;0.0120842
0.0471846;0.0471851;0.0471815;0.0471815;0.0120072;0.012008;0.0120068;0.0120068
0.047257;0.0472575;0.047254;0.047254;0.0119304;0.0119312;0.01193;0.01193
0.0473287;0.0473292;0.0473256;0.0473256;0.0118543;0.0118551;0.0118539;0.0118539
0.0473995;0.0474;0.0473964;0.0473964;0.0117788;0.0117796;0.0117784;0.0117784
0.0474695;0.04747;0.0474664;0.0474664;0.011704;0.0117047;0.0117035;0.0117035
0.0475386;0.0475391;0.0475356;0.0475356;0.0116297;0.0116305;0.0116293;0.0116293
0.047607;0.0476075;0.0476039;0.0476039;0.0115561;0.0115569;0.0115557;0.0115557
0.0476745;0.0476751;0.0476715;0.0476715;0.0114831;0.0114839;0.0114827;0.0114827
0.0477413;0.0477418;0.0477382;0.0477382;0.0114107;0.0114115;0.0114103;0.0114103
0.0478073;0.0478078;0.0478042;0.0478042;0.011339;0.0113397;0.0113386;0.0113386
0.0478725;0.047873;0.0478694;0.0478694;0.0112678;0.0112685;0.0112674;0.0112674
0.0479369;0.0479374;0.0479338;0.0479338;0.0111972;0.011198;0.0111968;0.0111968
0.0480005;0.0480011;0.0479975;0.0479975;0.0111272;0.011128;0.0111269;0.0111269
0.0480634;0.048064;0.0480604;0.0480604;0.0110579;0.0110586;0.0110575;0.0110575
0.0481256;0.0481262;0.0481225;0.0481225;0.0109891;0.0109898;0.0109887;0.0109887
0.048187;0.0481876;0.0481839;0.0481839;0.0109209;0.0109216;0.0109205;0.0109205
0.0482476;0.0482482;0.0482446;0.0482446;0.0108532;0.010854;0.0108529;0.0108529
0.0483075;0.0483081;0.0483045;0.0483045;0.0107862;0.0107869;0.0107858;0.0107858
0.0483667;0.0483673;0.0483637;0.0483637;0.0107197;0.0107204;0.0107193;0.0107193
0.0484252;0.0484258;0.0484221;0.0484221;0.0106538;0.0106545;0.0106534;0.0106534
0.0484829;0.0484836;0.0484799;0.0484799;0.0105884;0.0105891;0.0105881;0.0105881
0.04854;0.0485406;0.0485369;0.0485369;0.0105236;0.0105243;0.0105233;0.0105233
0.0485963;0.048597;0.0485933;0.0485933;0.0104593;0.0104601;0.010459;0.010459
0.048652;0.0486526;0.0486489;0.0486489;0.0103957;0.0103964;0.0103953;0.0103953
0.0487069;0.0487076;0.0487039;0.0487039;0.0103325;0.0103332;0.0103322;0.0103322
0.0487612;0.0487619;0.0487582;0.0487582;0.0102699;0.0102706;0.0102696;0.0102696
0.0488148;0.0488155;0.0488118;0.0488118;0.0102078;0.0102085;0.0102075;0.0102075
0.0488678;0.0488684;0.0488647;0.0488647;0.0101463;0.010147;0.010146;0.010146
0.04892;0.0489207;0.048917;0.048917;0.0100853;0.010086;0.010085;0.010085
0.0489716;0.0489723;0.0489686;0.0489686;0.0100248;0.0100255;0.0100245;0.0100245
0.0490226;0.0490233;0.0490195;0.0490195;0.00996484;0.00996555;0.00996453;0.00996453
0.0490729;0.0490736;0.0490698;0.0490698;0.00990539;0.00990611;0.00990509;0.00990509
0.0491225;0.0491233;0.0491195;0.0491195;0.00984646;0.00984718;0.00984617;0.00984617
0.0491716;0.0491723;0.0491685;0.0491685;0.00978805;0.00978876;0.00978776;0.00978776
0.04922;0.0492207;0.0492169;0.0492169;0.00973013;0.00973085;0.00972985;0.00972985
0.0492677;0.0492685;0.0492647;0.0492647;0.00967272;0.00967343;0.00967244;0.00967244
0.0493149;0.0493156;0.0493118;0.0493118;0.00961581;0.00961652;0.00961553;0.00961553
0.0493614;0.0493622;0.0493584;0.0493584;0.00955939;0.0095601;0.00955912;0.00955912
0.0494073;0.0494081;0.0494043;0.0494043;0.00950347;0.00950417;0.0095032;0.0095032
0.0494527;0.0494534;0.0494496;0.0494496;0.00944803;0.00944873;0.00944776;0.00944776
0.0494974;0.0494982;0.0494943;0.0494943;0.00939307;0.00939378;0.00939281;0.00939281
0.0495415;0.0495423;0.0495385;0.0495385;0.00933859;0.0093393;0.00933833;0.00933833
0.0495851;0.0495859;0.049582;0.049582;0.00928459;0.0092853;0.00928434;0.00928434
0.0496281;0.0496288;0.049625;0.049625;0.00923106;0.00923177;0.00923081;0.00923081
0.0496705;0.0496712;0.0496674;0.0496674;0.009178;0.0091787;0.00917775;0.00917775
0.0497123;0.0497131;0.0497092;0.0497092;0.00912541;0.00912611;0.00912516;0.00912516
0.0497535;0.0497543;0.0497505;0.0497505;0.00907327;0.00907397;0.00907303;0.00907303
0.0497942;0.0497951;0.0497912;0.0497912;0.00902159;0.00902229;0.00902136;0.00902136
0.0498344;0.0498352;0.0498313;0.0498313;0.00897037;0.00897107;0.00897014;0.00897014
0.049874;0.0498748;0.0498709;0.0498709;0.0089196;0.00892029;0.00891937;0.00891937
0.049913;0.0499139;0.04991;0.04991;0.00886927;0.00886997;0.00886905;0.00886905
0.0499515;0.0499524;0.0499485;0.0499485;0.00881939;0.00882008;0.00881917;0.00881917
0.0499895;0.0499904;0.0499865;0.0499865;0.00876995;0.00877064;0.00876973;0.00876973
0.050027;0.0500278;0.0500239;0.0500239;0.00872094;0.00872163;0.00872073;0.00872073
0.0500639;0.0500647;0.0500608;0.0500608;0.00867237;0.00867306;0.00867216;0.00867216
0.0501003;0.0501011;0.0500972;0.0500972;0.00862423;0.00862491;0.00862402;0.00862402
0.0501362;0.050137;0.0501331;0.0501331;0.00857651;0.0085772;0.0085763;0.0085763
0.0501715;0.0501724;0.0501685;0.0501685;0.00852921;0.0085299;0.00852901;0.00852901
0.0502064;0.0502073;0.0502034;0.0502034;0.00848234;0.00848302;0.00848214;0.00848214
0.0502408;0.0502417;0.0502377;0.0502377;0.00843588;0.00843656;0.00843568;0.00843568
0.0502747;0.0502755;0.0502716;0.0502716;0.00838983;0.00839052;0.00838964;0.00838964
0.050308;0.0503089;0.050305;0.050305;0.0083442;0.00834488;0.00834401;0.00834401
0.0503409;0.0503418;0.0503379;0.0503379;0.00829897;0.00829965;0.00829878;0.00829878
0.0503733;0.0503742;0.0503703;0.0503703;0.00825414;0.00825482;0.00825395;0.00825395
0.0504053;0.0504062;0.0504022;0.0504022;0.00820971;0.00821039;0.00820953;0.00820953
0.0504367;0.0504376;0.0504337;0.0504337;0.00816568;0.00816635;0.0081655;0.0081655
0.0504677;0.0504686;0.0504647;0.0504647;0.00812204;0.00812271;0.00812186;0.00812186
0.0504982;0.0504992;0.0504952;0.0504952;0.00807879;0.00807947;0.00807862;0.00807862
0.0505283;0.0505292;0.0505253;0.0505253;0.00803593;0.0080366;0.00803576;0.00803576
0.0505579;0.0505588;0.0505549;0.0505549;0.00799345;0.00799412;0.00799329;0.00799329
0.050587;0.050588;0.050584;0.050584;0.00795135;0.00795203;0.00795119;0.00795119
0.0506157;0.0506167;0.0506127;0.0506127;0.00790964;0.00791031;0.00790948;0.00790948
0.050644;0.050645;0.050641;0.050641;0.00786829;0.00786896;0.00786813;0.00786813
0.0506718;0.0506728;0.0506688;0.0506688;0.00782732;0.00782799;0.00782716;0.00782716
0.0506992;0.0507002;0.0506962;0.0506962;0.00778671;0.00778738;0.00778656;0.00778656
0.0507262;0.0507271;0.0507231;0.0507231;0.00774647;0.00774714;0.00774633;0.00774633
0.0507527;0.0507537;0.0507497;0.0507497;0.0077066;0.00770726;0.00770645;0.00770645
0.0507788;0.0507798;0.0507758;0.0507758;0.00766708;0.00766775;0.00766694;0.00766694
0.0508045;0.0508055;0.0508015;0.0508015;0.00762792;0.00762859;0.00762778;0.00762778
0.0508297;0.0508307;0.0508267;0.0508267;0.00758912;0.00758978;0.00758898;0.00758898
0.0508546;0.0508556;0.0508516;0.0508516;0.00755066;0.00755132;0.00755053;0.00755053
0.050879;0.05088;0.050876;0.050876;0.00751255;0.00751322;0.00751242;0.00751242
0.0509031;0.0509041;0.0509001;0.0509001;0.00747479;0.00747545;0.00747466;0.00747466
0.0509267;0.0509278;0.0509237;0.0509237;0.00743737;0.00743803;0.00743725;0.00743725
0.05095;0.050951;0.050947;0.050947;0.00740029;0.00740095;0.00740017;0.00740017
0.0509728;0.0509739;0.0509698;0.0509698;0.00736355;0.00736421;0.00736343;0.00736343
0.0509953;0.0509963;0.0509923;0.0509923;0.00732714;0.0073278;0.00732702;0.00732702
0.0510174;0.0510184;0.0510144;0.0510144;0.00729106;0.00729172;0.00729095;0.00729095
0.0510391;0.0510401;0.0510361;0.0510361;0.00725531;0.00725597;0.0072552;0.0072552
0.0510604;0.0510615;0.0510574;0.0510574;0.00721989;0.00722054;0.00721978;0.00721978
0.0510814;0.0510824;0.0510784;0.0510784;0.00718479;0.00718544;0.00718468;0.00718468
0.051102;0.051103;0.051099;0.051099;0.00715001;0.00715066;0.00714991;0.00714991
0.0511222;0.0511232;0.0511192;0.0511192;0.00711555;0.0071162;0.00711545;0.00711545
0.051142;0.0511431;0.051139;0.051139;0.0070814;0.00708205;0.0070813;0.0070813
0.0511615;0.0511626;0.0511585;0.0511585;0.00704757;0.00704822;0.00704747;0.00704747
0.0511807;0.0511817;0.0511777;0.0511777;0.00701404;0.00701469;0.00701395;0.00701395
0.0511994;0.0512005;0.0511965;0.0511965;0.00698083;0.00698147;0.00698073;0.00698073
0.0512179;0.051219;0.0512149;0.0512149;0.00694792;0.00694856;0.00694783;0.00694783
0.051236;0.0512371;0.051233;0.051233;0.00691531;0.00691595;0.00691522;0.00691522
0.0512537;0.0512548;0.0512507;0.0512507;0.006883;0.00688364;0.00688291;0.00688291
0.0512711;0.0512722;0.0512681;0.0512681;0.00685098;0.00685163;0.0068509;0.0068509
0.0512882;0.0512893;0.0512852;0.0512852;0.00681927;0.00681991;0.00681919;0.00681919
0.0513049;0.051306;0.051302;0.051302;0.00678784;0.00678848;0.00678776;0.00678776
0.0513213;0.0513225;0.0513184;0.0513184;0.00675671;0.00675735;0.00675663;0.00675663
0.0513374;0.0513386;0.0513345;0.0513345;0.00672586;0.0067265;0.00672579;0.00672579
0.0513532;0.0513543;0.0513502;0.0513502;0.0066953;0.00669594;0.00669523;0.00669523
0.0513686;0.0513698;0.0513657;0.0513657;0.00666502;0.00666566;0.00666495;0.00666495
0.0513837;0.0513849;0.0513808;0.0513808;0.00663502;0.00663566;0.00663495;0.00663495
0.0513986;0.0513997;0.0513956;0.0513956;0.0066053;0.00660594;0.00660524;0.00660524
0.0514131;0.0514142;0.0514101;0.0514101;0.00657585;0.00657649;0.00657579;0.00657579
0.0514272;0.0514284;0.0514243;0.0514243;0.00654668;0.00654732;0.00654662;0.00654662
0.0514411;0.0514423;0.0514382;0.0514382;0.00651778;0.00651842;0.00651773;0.00651773
0.0514547;0.0514559;0.0514518;0.0514518;0.00648915;0.00648979;0.0064891;0.0064891
0.051468;0.0514692;0.0514651;0.0514651;0.00646079;0.00646142;0.00646073;0.00646073
0.051481;0.0514822;0.0514781;0.0514781;0.00643269;0.00643332;0.00643264;0.00643264
0.0514937;0.0514949;0.0514908;0.0514908;0.00640485;0.00640548;0.0064048;0.0064048
0.0515061;0.0515073;0.0515032;0.0515032;0.00637727;0.0063779;0.00637722;0.00637722
0.0515182;0.0515194;0.0515153;0.0515153;0.00634995;0.00635058;0.00634991;0.00634991
0.0515301;0.0515313;0.0515271;0.0515271;0.00632289;0.00632352;0.00632284;0.00632284
0.0515416;0.0515428;0.0515387;0.0515387;0.00629608;0.00629671;0.00629603;0.00629603
0.0515529;0.0515541;0.05155;0.05155;0.00626952;0.00627015;0.00626948;0.00626948
0.0515639;0.0515651;0.051561;0.051561;0.00624321;0.00624383;0.00624317;0.00624317
0.0515746;0.0515759;0.0515717;0.0515717;0.00621714;0.00621777;0.00621711;0.00621711
0.0515851;0.0515863;0.0515822;0.0515822;0.00619132;0.00619195;0.00619129;0.00619129
0.0515953;0.0515965;0.0515924;0.0515924;0.00616575;0.00616638;0.00616572;0.00616572
0.0516052;0.0516065;0.0516023;0.0516023;0.00614041;0.00614104;0.00614039;0.00614039
0.0516149;0.0516162;0.051612;0.051612;0.00611532;0.00611594;0.00611529;0.00611529
0.0516243;0.0516256;0.0516214;0.0516214;0.00609046;0.00609108;0.00609044;0.00609044
0.0516335;0.0516347;0.0516306;0.0516306;0.00606584;0.00606646;0.00606581;0.00606581
0.0516424;0.0516436;0.0516395;0.0516395;0.00604145;0.00604207;0.00604142;0.00604142
0.051651;0.0516523;0.0516481;0.0516481;0.00601729;0.00601791;0.00601727;0.00601727
0.0516594;0.0516607;0.0516565;0.0516565;0.00599335;0.00599398;0.00599334;0.00599334
0.0516676;0.0516688;0.0516647;0.0516647;0.00596965;0.00597027;0.00596964;0.00596964
0.0516755;0.0516767;0.0516726;0.0516726;0.00594617;0.00594679;0.00594616;0.00594616
0.0516831;0.0516844;0.0516802;0.0516802;0.00592292;0.00592354;0.0059229;0.0059229
0.0516906;0.0516919;0.0516877;0.0516877;0.00589988;0.0059005;0.00589987;0.00589987
0.0516978;0.051699;0.0516949;0.0516949;0.00587707;0.00587769;0.00587706;0.00587706
0.0517047;0.051706;0.0517018;0.0517018;0.00585447;0.00585509;0.00585446;0.00585446
0.0517114;0.0517127;0.0517086;0.0517086;0.00583209;0.00583271;0.00583208;0.00583208
0.0517179;0.0517192;0.0517151;0.0517151;0.00580992;0.00581054;0.00580992;0.00580992
0.0517242;0.0517255;0.0517213;0.0517213;0.00578796;0.00578858;0.00578796;0.00578796
0.0517302;0.0517316;0.0517274;0.0517274;0.00576622;0.00576683;0.00576622;0.00576622
0.0517361;0.0517374;0.0517332;0.0517332;0.00574468;0.0057453;0.00574468;0.00574468
0.0517417;0.051743;0.0517388;0.0517388;0.00572335;0.00572397;0.00572335;0.00572335
0.051747;0.0517484;0.0517442;0.0517442;0.00570222;0.00570284;0.00570223;0.00570223
0.0517522;0.0517536;0.0517494;0.0517494;0.0056813;0.00568192;0.00568131;0.00568131
0.0517572;0.0517585;0.0517543;0.0517543;0.00566058;0.00566119;0.00566059;0.00566059
0.0517619;0.0517633;0.0517591;0.0517591;0.00564006;0.00564067;0.00564007;0.00564007
0.0517664;0.0517678;0.0517636;0.0517636;0.00561974;0.00562035;0.00561975;0.00561975
0.0517708;0.0517721;0.0517679;0.0517679;0.00559961;0.00560022;0.00559962;0.00559962
0.0517749;0.0517763;0.0517721;0.0517721;0.00557968;0.00558029;0.00557969;0.00557969
0.0517788;0.0517802;0.051776;0.051776;0.00555994;0.00556055;0.00555996;0.00555996
0.0517825;0.0517839;0.0517797;0.0517797;0.00554039;0.005541;0.00554041;0.00554041
0.0517861;0.0517874;0.0517832;0.0517832;0.00552103;0.00552164;0.00552105;0.00552105
0.0517894;0.0517908;0.0517866;0.0517866;0.00550186;0.00550247;0.00550188;0.00550188
0.0517925;0.0517939;0.0517897;0.0517897;0.00548288;0.00548349;0.0054829;0.0054829
0.0517955;0.0517969;0.0517926;0.0517926;0.00546408;0.00546469;0.0054641;0.0054641
0.0517982;0.0517996;0.0517954;0.0517954;0.00544546;0.00544607;0.00544549;0.00544549
0.0518008;0.0518022;0.051798;0.051798;0.00542703;0.00542764;0.00542706;0.00542706
0.0518032;0.0518046;0.0518003;0.0518003;0.00540877;0.00540938;0.0054088;0.0054088
0.0518053;0.0518068;0.0518025;0.0518025;0.0053907;0.00539131;0.00539073;0.00539073
0.0518074;0.0518088;0.0518045;0.0518045;0.0053728;0.00537341;0.00537283;0.00537283
0.0518092;0.0518106;0.0518064;0.0518064;0.00535508;0.00535568;0.00535511;0.00535511
0.0518108;0.0518123;0.051808;0.051808;0.00533753;0.00533813;0.00533757;0.00533757
0.0518123;0.0518137;0.0518095;0.0518095;0.00532015;0.00532076;0.00532019;0.00532019
0.0518136;0.0518151;0.0518108;0.0518108;0.00530295;0.00530355;0.00530299;0.00530299
0.0518147;0.0518162;0.051812;0.051812;0.00528591;0.00528652;0.00528595;0.00528595
0.0518157;0.0518172;0.0518129;0.0518129;0.00526904;0.00526965;0.00526909;0.00526909
0.0518165;0.0518179;0.0518137;0.0518137;0.00525234;0.00525295;0.00525239;0.00525239
0.0518171;0.0518186;0.0518143;0.0518143;0.00523581;0.00523641;0.00523585;0.00523585
0.0518176;0.051819;0.0518148;0.0518148;0.00521943;0.00522004;0.00521948;0.00521948
0.0518179;0.0518193;0.0518151;0.0518151;0.00520322;0.00520383;0.00520327;0.00520327
0.051818;0.0518195;0.0518152;0.0518152;0.00518718;0.00518778;0.00518723;0.00518723
0.051818;0.0518195;0.0518152;0.0518152;0.00517129;0.00517189;0.00517134;0.00517134
0.0518178;0.0518193;0.051815;0.051815;0.00515556;0.00515616;0.00515561;0.00515561
0.0518175;0.0518189;0.0518147;0.0518147;0.00513998;0.00514058;0.00514004;0.00514004
0.051817;0.0518184;0.0518142;0.0518142;0.00512456;0.00512517;0.00512462;0.00512462
0.0518163;0.0518178;0.0518136;0.0518136;0.0051093;0.0051099;0.00510936;0.00510936
0.0518155;0.051817;0.0518128;0.0518128;0.00509419;0.00509479;0.00509425;0.00509425
0.0518146;0.0518161;0.0518118;0.0518118;0.00507923;0.00507983;0.00507929;0.00507929
0.0518135;0.051815;0.0518107;0.0518107;0.00506442;0.00506502;0.00506448;0.00506448
0.0518122;0.0518137;0.0518095;0.0518095;0.00504976;0.00505036;0.00504982;0.00504982
0.0518108;0.0518124;0.0518081;0.0518081;0.00503525;0.00503585;0.00503531;0.00503531
0.0518093;0.0518108;0.0518066;0.0518066;0.00502088;0.00502148;0.00502095;0.00502095
0.0518076;0.0518092;0.0518049;0.0518049;0.00500666;0.00500726;0.00500673;0.00500673
0.0518058;0.0518074;0.0518031;0.0518031;0.00499258;0.00499318;0.00499265;0.00499265
0.0518039;0.0518054;0.0518012;0.0518012;0.00497865;0.00497924;0.00497872;0.00497872
0.0518018;0.0518033;0.0517991;0.0517991;0.00496485;0.00496545;0.00496492;0.00496492
0.0517996;0.0518011;0.0517969;0.0517969;0.0049512;0.0049518;0.00495127;0.00495127
0.0517972;0.0517988;0.0517945;0.0517945;0.00493768;0.00493828;0.00493776;0.00493776
0.0517947;0.0517963;0.051792;0.051792;0.00492431;0.0049249;0.00492438;0.00492438
0.0517921;0.0517937;0.0517894;0.0517894;0.00491106;0.00491166;0.00491114;0.00491114
0.0517894;0.0517909;0.0517867;0.0517867;0.00489796;0.00489856;0.00489804;0.00489804
0.0517865;0.0517881;0.0517838;0.0517838;0.00488499;0.00488558;0.00488507;0.00488507
0.0517835;0.0517851;0.0517808;0.0517808;0.00487215;0.00487275;0.00487223;0.00487223
0.0517804;0.0517819;0.0517777;0.0517777;0.00485944;0.00486004;0.00485953;0.00485953
0.0517771;0.0517787;0.0517744;0.0517744;0.00484687;0.00484746;0.00484695;0.00484695
0.0517738;0.0517753;0.0517711;0.0517711;0.00483442;0.00483502;0.00483451;0.00483451
0.0517703;0.0517719;0.0517676;0.0517676;0.0048221;0.0048227;0.00482219;0.00482219
0.0517667;0.0517683;0.051764;0.051764;0.00480991;0.00481051;0.00481;0.00481
0.0517629;0.0517645;0.0517603;0.0517603;0.00479785;0.00479844;0.00479794;0.00479794
0.0517591;0.0517607;0.0517564;0.0517564;0.00478591;0.0047865;0.004786;0.004786
0.0517551;0.0517567;0.0517525;0.0517525;0.00477409;0.00477469;0.00477418;0.00477418
0.0517511;0.0517527;0.0517484;0.0517484;0.0047624;0.004763;0.00476249;0.00476249
0.0517469;0.0517485;0.0517442;0.0517442;0.00475083;0.00475142;0.00475092;0.00475092
0.0517426;0.0517442;0.0517399;0.0517399;0.00473938;0.00473997;0.00473948;0.00473948
0.0517382;0.0517398;0.0517355;0.0517355;0.00472805;0.00472864;0.00472815;0.00472815
0.0517337;0.0517353;0.051731;0.051731;0.00471684;0.00471743;0.00471694;0.00471694
0.0517291;0.0517307;0.0517264;0.0517264;0.00470575;0.00470634;0.00470584;0.00470584
0.0517243;0.051726;0.0517217;0.0517217;0.00469477;0.00469536;0.00469487;0.00469487
0.0517195;0.0517211;0.0517169;0.0517169;0.00468391;0.0046845;0.00468401;0.00468401
0.0517146;0.0517162;0.0517119;0.0517119;0.00467316;0.00467375;0.00467326;0.00467326
0.0517095;0.0517112;0.0517069;0.0517069;0.00466253;0.00466312;0.00466263;0.00466263
0.0517044;0.0517061;0.0517018;0.0517018;0.00465201;0.0046526;0.00465211;0.00465211
0.0516992;0.0517008;0.0516965;0.0516965;0.0046416;0.00464219;0.0046417;0.0046417
0.0516938;0.0516955;0.0516912;0.0516912;0.0046313;0.00463189;0.00463141;0.00463141
0.0516884;0.0516901;0.0516858;0.0516858;0.00462111;0.0046217;0.00462122;0.00462122
0.0516829;0.0516846;0.0516803;0.0516803;0.00461103;0.00461162;0.00461114;0.00461114
0.0516773;0.0516789;0.0516747;0.0516747;0.00460106;0.00460165;0.00460117;0.00460117
0.0516716;0.0516732;0.0516689;0.0516689;0.00459119;0.00459178;0.0045913;0.0045913
0.0516657;0.0516674;0.0516631;0.0516631;0.00458143;0.00458202;0.00458154;0.00458154
0.0516599;0.0516615;0.0516572;0.0516572;0.00457178;0.00457237;0.00457189;0.00457189
0.0516539;0.0516555;0.0516513;0.0516513;0.00456223;0.00456282;0.00456234;0.00456234
0.0516478;0.0516495;0.0516452;0.0516452;0.00455278;0.00455337;0.0045529;0.0045529
0.0516416;0.0516433;0.051639;0.051639;0.00454343;0.00454402;0.00454355;0.00454355
0.0516354;0.0516371;0.0516328;0.0516328;0.00453419;0.00453478;0.00453431;0.00453431
0.051629;0.0516307;0.0516265;0.0516265;0.00452505;0.00452564;0.00452517;0.00452517
0.0516226;0.0516243;0.05162;0.05162;0.004516;0.00451659;0.00451612;0.00451612
0.0516161;0.0516178;0.0516135;0.0516135;0.00450706;0.00450765;0.00450718;0.00450718
0.0516095;0.0516112;0.051607;0.051607;0.00449821;0.0044988;0.00449833;0.00449833
0.0516029;0.0516046;0.0516003;0.0516003;0.00448946;0.00449005;0.00448958;0.00448958
0.0515961;0.0515978;0.0515935;0.0515935;0.0044808;0.00448139;0.00448093;0.00448093
0.0515893;0.051591;0.0515867;0.0515867;0.00447225;0.00447283;0.00447237;0.00447237
0.0515824;0.0515841;0.0515798;0.0515798;0.00446378;0.00446437;0.00446391;0.00446391
0.0515754;0.0515771;0.0515728;0.0515728;0.00445541;0.004456;0.00445554;0.00445554
0.0515683;0.0515701;0.0515658;0.0515658;0.00444713;0.00444772;0.00444726;0.00444726
0.0515612;0.0515629;0.0515587;0.0515587;0.00443894;0.00443953;0.00443907;0.00443907
0.051554;0.0515557;0.0515515;0.0515515;0.00443085;0.00443144;0.00443098;0.00443098
0.0515467;0.0515485;0.0515442;0.0515442;0.00442284;0.00442343;0.00442297;0.00442297
0.0515394;0.0515411;0.0515368;0.0515368;0.00441493;0.00441552;0.00441506;0.00441506
0.0515319;0.0515337;0.0515294;0.0515294;0.0044071;0.00440769;0.00440723;0.00440723
0.0515244;0.0515262;0.0515219;0.0515219;0.00439936;0.00439995;0.0043995;0.0043995
0.0515169;0.0515186;0.0515143;0.0515143;0.00439171;0.0043923;0.00439185;0.00439185
0.0515092;0.051511;0.0515067;0.0515067;0.00438414;0.00438473;0.00438428;0.00438428
0.0515015;0.0515033;0.051499;0.051499;0.00437666;0.00437725;0.0043768;0.0043768
0.0514938;0.0514955;0.0514913;0.0514913;0.00436927;0.00436986;0.00436941;0.00436941
0.0514859;0.0514877;0.0514834;0.0514834;0.00436196;0.00436255;0.0043621;0.0043621
0.051478;0.0514798;0.0514755;0.0514755;0.00435473;0.00435532;0.00435487;0.00435487
0.0514701;0.0514719;0.0514676;0.0514676;0.00434759;0.00434817;0.00434773;0.00434773
0.051462;0.0514638;0.0514596;0.0514596;0.00434052;0.00434111;0.00434067;0.00434067
0.051454;0.0514558;0.0514515;0.0514515;0.00433354;0.00433413;0.00433369;0.00433369
0.0514458;0.0514476;0.0514433;0.0514433;0.00432664;0.00432723;0.00432679;0.00432679
0.0514376;0.0514394;0.0514351;0.0514351;0.00431982;0.00432041;0.00431997;0.00431997
0.0514293;0.0514311;0.0514269;0.0514269;0.00431308;0.00431367;0.00431322;0.00431322
0.051421;0.0514228;0.0514185;0.0514185;0.00430641;0.004307;0.00430656;0.00430656
0.0514126;0.0514144;0.0514101;0.0514101;0.00429983;0.00430041;0.00429998;0.00429998
0.0514042;0.051406;0.0514017;0.0514017;0.00429332;0.00429391;0.00429347;0.00429347
0.0513957;0.0513975;0.0513932;0.0513932;0.00428688;0.00428747;0.00428704;0.00428704
0.0513871;0.051389;0.0513847;0.0513847;0.00428053;0.00428111;0.00428068;0.00428068
0.0513785;0.0513803;0.0513761;0.0513761;0.00427424;0.00427483;0.0042744;0.0042744
0.0513698;0.0513717;0.0513674;0.0513674;0.00426804;0.00426862;0.00426819;0.00426819
0.0513611;0.051363;0.0513587;0.0513587;0.0042619;0.00426249;0.00426206;0.00426206
0.0513524;0.0513542;0.0513499;0.0513499;0.00425584;0.00425643;0.004256;0.004256
0.0513435;0.0513454;0.0513411;0.0513411;0.00424985;0.00425044;0.00425001;0.00425001
0.0513347;0.0513365;0.0513322;0.0513322;0.00424393;0.00424452;0.00424409;0.00424409
0.0513258;0.0513276;0.0513233;0.0513233;0.00423809;0.00423867;0.00423824;0.00423824
0.0513168;0.0513187;0.0513144;0.0513144;0.00423231;0.0042329;0.00423247;0.00423247
0.0513078;0.0513096;0.0513053;0.0513053;0.0042266;0.00422719;0.00422676;0.00422676
0.0512987;0.0513006;0.0512963;0.0512963;0.00422097;0.00422155;0.00422113;0.00422113
0.0512896;0.0512915;0.0512872;0.0512872;0.0042154;0.00421598;0.00421556;0.00421556
0.0512804;0.0512823;0.051278;0.051278;0.0042099;0.00421048;0.00421006;0.00421006
0.0512712;0.0512731;0.0512688;0.0512688;0.00420446;0.00420505;0.00420463;0.00420463
0.051262;0.0512639;0.0512596;0.0512596;0.00419909;0.00419968;0.00419926;0.00419926
0.0512527;0.0512546;0.0512503;0.0512503;0.00419379;0.00419438;0.00419396;0.00419396
0.0512433;0.0512452;0.051241;0.051241;0.00418856;0.00418915;0.00418873;0.00418873
0.051234;0.0512359;0.0512316;0.0512316;0.00418339;0.00418398;0.00418356;0.00418356
0.0512245;0.0512265;0.0512222;0.0512222;0.00417828;0.00417887;0.00417845;0.00417845
0.0512151;0.051217;0.0512127;0.0512127;0.00417324;0.00417383;0.00417341;0.00417341
0.0512056;0.0512075;0.0512032;0.0512032;0.00416826;0.00416885;0.00416843;0.00416843
0.051196;0.051198;0.0511937;0.0511937;0.00416334;0.00416393;0.00416352;0.00416352
0.0511865;0.0511884;0.0511841;0.0511841;0.00415849;0.00415908;0.00415866;0.00415866
0.0511768;0.0511788;0.0511745;0.0511745;0.0041537;0.00415429;0.00415387;0.00415387
0.0511672;0.0511691;0.0511648;0.0511648;0.00414896;0.00414955;0.00414914;0.00414914
0.0511575;0.0511594;0.0511551;0.0511551;0.00414429;0.00414488;0.00414447;0.00414447
0.0511477;0.0511497;0.0511454;0.0511454;0.00413968;0.00414027;0.00413986;0.00413986
0.051138;0.0511399;0.0511356;0.0511356;0.00413513;0.00413572;0.00413531;0.00413531
0.0511282;0.0511301;0.0511258;0.0511258;0.00413064;0.00413122;0.00413081;0.00413081
0.0511183;0.0511203;0.051116;0.051116;0.0041262;0.00412679;0.00412638;0.00412638
0.0511085;0.0511104;0.0511061;0.0511061;0.00412182;0.00412241;0.004122;0.004122
0.0510986;0.0511005;0.0510962;0.0510962;0.0041175;0.00411809;0.00411768;0.00411768
0.0510886;0.0510906;0.0510863;0.0510863;0.00411324;0.00411383;0.00411342;0.00411342
0.0510786;0.0510806;0.0510763;0.0510763;0.00410903;0.00410962;0.00410921;0.00410921
0.0510686;0.0510706;0.0510663;0.0510663;0.00410488;0.00410547;0.00410506;0.00410506
0.0510586;0.0510606;0.0510563;0.0510563;0.00410078;0.00410137;0.00410097;0.00410097
0.0510485;0.0510505;0.0510462;0.0510462;0.00409674;0.00409733;0.00409693;0.00409693
0.0510384;0.0510404;0.0510361;0.0510361;0.00409275;0.00409334;0.00409294;0.00409294
0.0510283;0.0510303;0.051026;0.051026;0.00408882;0.00408941;0.00408901;0.00408901
0.0510182;0.0510202;0.0510159;0.0510159;0.00408494;0.00408553;0.00408513;0.00408513
0.051008;0.05101;0.0510057;0.0510057;0.00408111;0.0040817;0.0040813;0.0040813
0.0509978;0.0509998;0.0509955;0.0509955;0.00407734;0.00407793;0.00407753;0.00407753
0.0509875;0.0509895;0.0509852;0.0509852;0.00407361;0.0040742;0.0040738;0.0040738
0.0509773;0.0509793;0.050975;0.050975;0.00406994;0.00407053;0.00407013;0.00407013
0.050967;0.050969;0.0509647;0.0509647;0.00406632;0.00406691;0.00406651;0.00406651
0.0509567;0.0509587;0.0509544;0.0509544;0.00406275;0.00406334;0.00406294;0.00406294
0.0509463;0.0509483;0.050944;0.050944;0.00405922;0.00405982;0.00405942;0.00405942
0.050936;0.050938;0.0509337;0.0509337;0.00405575;0.00405634;0.00405595;0.00405595
0.0509256;0.0509276;0.0509233;0.0509233;0.00405233;0.00405292;0.00405253;0.00405253
0.0509151;0.0509172;0.0509129;0.0509129;0.00404896;0.00404955;0.00404915;0.00404915
0.0509047;0.0509067;0.0509025;0.0509025;0.00404563;0.00404622;0.00404583;0.00404583
0.0508943;0.0508963;0.050892;0.050892;0.00404235;0.00404294;0.00404255;0.00404255
0.0508838;0.0508858;0.0508815;0.0508815;0.00403912;0.00403971;0.00403932;0.00403932
0.0508733;0.0508753;0.050871;0.050871;0.00403594;0.00403653;0.00403614;0.00403614
0.0508627;0.0508648;0.0508605;0.0508605;0.0040328;0.00403339;0.004033;0.004033
0.0508522;0.0508542;0.05085;0.05085;0.00402971;0.0040303;0.00402991;0.00402991
0.0508416;0.0508437;0.0508394;0.0508394;0.00402666;0.00402725;0.00402686;0.00402686
0.050831;0.0508331;0.0508288;0.0508288;0.00402366;0.00402425;0.00402386;0.00402386
0.0508204;0.0508225;0.0508182;0.0508182;0.0040207;0.00402129;0.00402091;0.00402091
0.0508098;0.0508119;0.0508076;0.0508076;0.00401779;0.00401838;0.004018;0.004018
0.0507992;0.0508012;0.050797;0.050797;0.00401492;0.00401551;0.00401513;0.00401513
0.0507885;0.0507906;0.0507863;0.0507863;0.0040121;0.00401269;0.0040123;0.0040123
0.0507778;0.0507799;0.0507756;0.0507756;0.00400931;0.00400991;0.00400952;0.00400952
0.0507672;0.0507692;0.050765;0.050765;0.00400658;0.00400717;0.00400679;0.00400679
0.0507564;0.0507585;0.0507542;0.0507542;0.00400388;0.00400447;0.00400409;0.00400409
0.0507457;0.0507478;0.0507435;0.0507435;0.00400122;0.00400182;0.00400144;0.00400144
0.050735;0.0507371;0.0507328;0.0507328;0.00399861;0.0039992;0.00399882;0.00399882
0.0507242;0.0507263;0.050722;0.050722;0.00399604;0.00399663;0.00399625;0.00399625
0.0507134;0.0507155;0.0507113;0.0507113;0.00399351;0.0039941;0.00399372;0.00399372
0.0507027;0.0507048;0.0507005;0.0507005;0.00399102;0.00399161;0.00399123;0.00399123
0.0506919;0.050694;0.0506897;0.0506897;0.00398857;0.00398916;0.00398878;0.00398878
0.050681;0.0506832;0.0506789;0.0506789;0.00398616;0.00398675;0.00398637;0.00398637
0.0506702;0.0506723;0.0506681;0.0506681;0.00398378;0.00398438;0.003984;0.003984
0.0506594;0.0506615;0.0506572;0.0506572;0.00398145;0.00398205;0.00398167;0.00398167
0.0506485;0.0506507;0.0506464;0.0506464;0.00397916;0.00397975;0.00397938;0.00397938
0.0506377;0.0506398;0.0506355;0.0506355;0.0039769;0.0039775;0.00397712;0.00397712
0.0506268;0.0506289;0.0506247;0.0506247;0.00397468;0.00397528;0.0039749;0.0039749
0.0506159;0.050618;0.0506138;0.0506138;0.0039725;0.0039731;0.00397272;0.00397272
0.050605;0.0506072;0.0506029;0.0506029;0.00397036;0.00397095;0.00397058;0.00397058
0.0505941;0.0505963;0.050592;0.050592;0.00396825;0.00396885;0.00396848;0.00396848
0.0505832;0.0505853;0.0505811;0.0505811;0.00396618;0.00396678;0.00396641;0.00396641
0.0505723;0.0505744;0.0505701;0.0505701;0.00396415;0.00396474;0.00396437;0.00396437
0.0505613;0.0505635;0.0505592;0.0505592;0.00396215;0.00396275;0.00396238;0.00396238
0.0505504;0.0505525;0.0505483;0.0505483;0.00396019;0.00396078;0.00396041;0.00396041
0.0505394;0.0505416;0.0505373;0.0505373;0.00395826;0.00395886;0.00395849;0.00395849
0.0505285;0.0505306;0.0505264;0.0505264;0.00395637;0.00395696;0.0039566;0.0039566
0.0505175;0.0505197;0.0505154;0.0505154;0.00395451;0.00395511;0.00395474;0.00395474
0.0505065;0.0505087;0.0505044;0.0505044;0.00395269;0.00395328;0.00395292;0.00395292
0.0504955;0.0504977;0.0504935;0.0504935;0.0039509;0.00395149;0.00395113;0.00395113
0.0504846;0.0504867;0.0504825;0.0504825;0.00394914;0.00394974;0.00394937;0.00394937
0.0504736;0.0504757;0.0504715;0.0504715;0.00394742;0.00394801;0.00394765;0.00394765
0.0504626;0.0504647;0.0504605;0.0504605;0.00394572;0.00394632;0.00394596;0.00394596
0.0504515;0.0504537;0.0504495;0.0504495;0.00394407;0.00394466;0.0039443;0.0039443
0.0504405;0.0504427;0.0504385;0.0504385;0.00394244;0.00394304;0.00394268;0.00394268
0.0504295;0.0504317;0.0504275;0.0504275;0.00394085;0.00394144;0.00394108;0.00394108
0.0504185;0.0504207;0.0504164;0.0504164;0.00393929;0.00393988;0.00393952;0.00393952
0.0504075;0.0504097;0.0504054;0.0504054;0.00393775;0.00393835;0.00393799;0.00393799
0.0503964;0.0503986;0.0503944;0.0503944;0.00393626;0.00393685;0.00393649;0.00393649
0.0503854;0.0503876;0.0503834;0.0503834;0.00393479;0.00393538;0.00393503;0.00393503
0.0503744;0.0503766;0.0503723;0.0503723;0.00393335;0.00393395;0.00393359;0.00393359
0.0503633;0.0503655;0.0503613;0.0503613;0.00393194;0.00393254;0.00393218;0.00393218
0.0503523;0.0503545;0.0503502;0.0503502;0.00393056;0.00393116;0.0039308;0.0039308
0.0503412;0.0503435;0.0503392;0.0503392;0.00392921;0.00392981;0.00392946;0.00392946
0.0503302;0.0503324;0.0503281;0.0503281;0.00392789;0.00392849;0.00392814;0.00392814
0.0503191;0.0503214;0.0503171;0.0503171;0.0039266;0.0039272;0.00392685;0.00392685
0.0503081;0.0503103;0.0503061;0.0503061;0.00392534;0.00392594;0.00392559;0.00392559
0.050297;0.0502993;0.050295;0.050295;0.00392411;0.00392471;0.00392436;0.00392436
0.050286;0.0502882;0.0502839;0.0502839;0.00392291;0.00392351;0.00392315;0.00392315
0.0502749;0.0502771;0.0502729;0.0502729;0.00392173;0.00392233;0.00392198;0.00392198
0.0502638;0.0502661;0.0502618;0.0502618;0.00392058;0.00392118;0.00392083;0.00392083
0.0502528;0.050255;0.0502508;0.0502508;0.00391946;0.00392006;0.00391971;0.00391971
0.0502417;0.050244;0.0502397;0.0502397;0.00391837;0.00391897;0.00391861;0.00391861
0.0502307;0.0502329;0.0502287;0.0502287;0.0039173;0.0039179;0.00391755;0.00391755
0.0502196;0.0502219;0.0502176;0.0502176;0.00391626;0.00391686;0.00391651;0.00391651
0.0502086;0.0502108;0.0502066;0.0502066;0.00391524;0.00391585;0.0039155;0.0039155
0.0501975;0.0501998;0.0501955;0.0501955;0.00391426;0.00391486;0.00391451;0.00391451
0.0501864;0.0501887;0.0501845;0.0501845;0.00391329;0.0039139;0.00391355;0.00391355
0.0501754;0.0501777;0.0501734;0.0501734;0.00391236;0.00391296;0.00391261;0.00391261
0.0501643;0.0501666;0.0501624;0.0501624;0.00391145;0.00391205;0.0039117;0.0039117
0.0501533;0.0501556;0.0501513;0.0501513;0.00391056;0.00391116;0.00391082;0.00391082
0.0501422;0.0501445;0.0501403;0.0501403;0.0039097;0.0039103;0.00390996;0.00390996
0.0501312;0.0501335;0.0501293;0.0501293;0.00390886;0.00390947;0.00390912;0.00390912
0.0501202;0.0501225;0.0501182;0.0501182;0.00390805;0.00390866;0.00390831;0.00390831
0.0501091;0.0501114;0.0501072;0.0501072;0.00390727;0.00390787;0.00390752;0.00390752
0.0500981;0.0501004;0.0500962;0.0500962;0.0039065;0.0039071;0.00390676;0.00390676
0.0500871;0.0500894;0.0500851;0.0500851;0.00390576;0.00390637;0.00390602;0.00390602
0.050076;0.0500783;0.0500741;0.0500741;0.00390505;0.00390565;0.00390531;0.00390531
0.050065;0.0500673;0.0500631;0.0500631;0.00390435;0.00390496;0.00390461;0.00390461
0.050054;0.0500563;0.0500521;0.0500521;0.00390368;0.00390429;0.00390395;0.00390395
0.050043;0.0500453;0.0500411;0.0500411;0.00390304;0.00390364;0.0039033;0.0039033
0.050032;0.0500343;0.0500301;0.0500301;0.00390241;0.00390302;0.00390268;0.00390268
0.050021;0.0500233;0.0500191;0.0500191;0.00390181;0.00390241;0.00390207;0.00390207
0.05001;0.0500123;0.0500081;0.0500081;0.00390123;0.00390183;0.0039015;0.0039015
0.049999;0.0500013;0.0499971;0.0499971;0.00390067;0.00390128;0.00390094;0.00390094
0.049988;0.0499903;0.0499861;0.0499861;0.00390013;0.00390074;0.0039004;0.0039004
0.049977;0.0499793;0.0499751;0.0499751;0.00389962;0.00390023;0.00389989;0.00389989
0.049966;0.0499684;0.0499641;0.0499641;0.00389913;0.00389973;0.0038994;0.0038994
0.049955;0.0499574;0.0499532;0.0499532;0.00389865;0.00389926;0.00389892;0.00389892
0.0499441;0.0499464;0.0499422;0.0499422;0.0038982;0.00389881;0.00389847;0.00389847
0.0499331;0.0499355;0.0499313;0.0499313;0.00389777;0.00389838;0.00389804;0.00389804
0.0499222;0.0499245;0.0499203;0.0499203;0.00389736;0.00389797;0.00389763;0.00389763
0.0499112;0.0499136;0.0499094;0.0499094;0.00389697;0.00389758;0.00389725;0.00389725
0.0499003;0.0499027;0.0498984;0.0498984;0.0038966;0.00389721;0.00389688;0.00389688
0.0498893;0.0498917;0.0498875;0.0498875;0.00389625;0.00389686;0.00389653;0.00389653
0.0498784;0.0498808;0.0498766;0.0498766;0.00389592;0.00389653;0.0038962;0.0038962
0.0498675;0.0498699;0.0498657;0.0498657;0.00389561;0.00389622;0.00389589;0.00389589
0.0498566;0.049859;0.0498548;0.0498548;0.00389532;0.00389593;0.0038956;0.0038956
0.0498457;0.0498481;0.0498439;0.0498439;0.00389505;0.00389565;0.00389532;0.00389532
0.0498348;0.0498372;0.049833;0.049833;0.00389479;0.0038954;0.00389507;0.00389507
0.0498239;0.0498263;0.0498221;0.0498221;0.00389456;0.00389516;0.00389484;0.00389484
0.0498131;0.0498155;0.0498112;0.0498112;0.00389434;0.00389495;0.00389462;0.00389462
0.0498022;0.0498046;0.0498004;0.0498004;0.00389414;0.00389475;0.00389442;0.00389442
0.0497913;0.0497937;0.0497895;0.0497895;0.00389396;0.00389457;0.00389424;0.00389424
0.0497805;0.0497829;0.0497787;0.0497787;0.0038938;0.00389441;0.00389408;0.00389408
0.0497696;0.0497721;0.0497679;0.0497679;0.00389365;0.00389426;0.00389394;0.00389394
0.0497588;0.0497612;0.049757;0.049757;0.00389353;0.00389414;0.00389381;0.00389381
0.049748;0.0497504;0.0497462;0.0497462;0.00389342;0.00389403;0.0038937;0.0038937
0.0497372;0.0497396;0.0497354;0.0497354;0.00389333;0.00389394;0.00389361;0.00389361
0.0497264;0.0497288;0.0497246;0.0497246;0.00389325;0.00389386;0.00389354;0.00389354
0.0497156;0.049718;0.0497138;0.0497138;0.00389319;0.0038938;0.00389348;0.00389348
0.0497048;0.0497073;0.0497031;0.0497031;0.00389315;0.00389376;0.00389344;0.00389344
0.0496941;0.0496965;0.0496923;0.0496923;0.00389313;0.00389374;0.00389342;0.00389342
0.0496833;0.0496858;0.0496815;0.0496815;0.00389312;0.00389373;0.00389341;0.00389341
0.0496726;0.049675;0.0496708;0.0496708;0.00389312;0.00389374;0.00389342;0.00389342
0.0496618;0.0496643;0.0496601;0.0496601;0.00389315;0.00389376;0.00389344;0.00389344
0.0496511;0.0496536;0.0496494;0.0496494;0.00389319;0.0038938;0.00389348;0.00389348
0.0496404;0.0496428;0.0496386;0.0496386;0.00389324;0.00389385;0.00389354;0.00389354
0.0496297;0.0496321;0.0496279;0.0496279;0.00389331;0.00389393;0.00389361;0.00389361
0.049619;0.0496215;0.0496173;0.0496173;0.0038934;0.00389401;0.00389369;0.00389369
0.0496083;0.0496108;0.0496066;0.0496066;0.0038935;0.00389411;0.0038938;0.0038938
0.0495976;0.0496001;0.0495959;0.0495959;0.00389362;0.00389423;0.00389391;0.00389391
0.049587;0.0495895;0.0495853;0.0495853;0.00389375;0.00389436;0.00389405;0.00389405
0.0495763;0.0495788;0.0495746;0.0495746;0.00389389;0.00389451;0.00389419;0.00389419
0.0495657;0.0495682;0.049564;0.049564;0.00389405;0.00389467;0.00389435;0.00389435
0.0495551;0.0495576;0.0495534;0.0495534;0.00389423;0.00389484;0.00389453;0.00389453
0.0495445;0.049547;0.0495428;0.0495428;0.00389442;0.00389503;0.00389472;0.00389472
0.0495339;0.0495364;0.0495322;0.0495322;0.00389462;0.00389524;0.00389492;0.00389492
0.0495233;0.0495258;0.0495216;0.0495216;0.00389484;0.00389545;0.00389514;0.00389514
0.0495127;0.0495152;0.0495111;0.0495111;0.00389507;0.00389568;0.00389537;0.00389537
0.0495022;0.0495047;0.0495005;0.0495005;0.00389531;0.00389593;0.00389562;0.00389562
0.0494916;0.0494942;0.04949;0.04949;0.00389557;0.00389619;0.00389588;0.00389588
0.0494811;0.0494836;0.0494794;0.0494794;0.00389584;0.00389646;0.00389615;0.00389615
0.0494706;0.0494731;0.0494689;0.0494689;0.00389613;0.00389675;0.00389644;0.00389644
0.0494601;0.0494626;0.0494584;0.0494584;0.00389643;0.00389704;0.00389673;0.00389673
0.0494496;0.0494521;0.049448;0.049448;0.00389674;0.00389735;0.00389705;0.00389705
0.0494391;0.0494417;0.0494375;0.0494375;0.00389706;0.00389768;0.00389737;0.00389737
0.0494287;0.0494312;0.049427;0.049427;0.0038974;0.00389802;0.00389771;0.00389771
0.0494182;0.0494208;0.0494166;0.0494166;0.00389775;0.00389836;0.00389806;0.00389806
0.0494078;0.0494103;0.0494062;0.0494062;0.00389811;0.00389873;0.00389842;0.00389842
0.0493974;0.0493999;0.0493957;0.0493957;0.00389848;0.0038991;0.00389879;0.00389879
0.049387;0.0493895;0.0493853;0.0493853;0.00389887;0.00389949;0.00389918;0.00389918
0.0493766;0.0493791;0.049375;0.049375;0.00389927;0.00389988;0.00389958;0.00389958
0.0493662;0.0493688;0.0493646;0.0493646;0.00389968;0.00390029;0.00389999;0.00389999
0.0493558;0.0493584;0.0493542;0.0493542;0.0039001;0.00390072;0.00390041;0.00390041
0.0493455;0.0493481;0.0493439;0.0493439;0.00390053;0.00390115;0.00390085;0.00390085
0.0493351;0.0493377;0.0493336;0.0493336;0.00390098;0.00390159;0.00390129;0.00390129
0.0493248;0.0493274;0.0493232;0.0493232;0.00390143;0.00390205;0.00390175;0.00390175
0.0493145;0.0493171;0.0493129;0.0493129;0.0039019;0.00390252;0.00390222;0.00390222
0.0493042;0.0493068;0.0493027;0.0493027;0.00390238;0.003903;0.0039027;0.0039027
0.049294;0.0492966;0.0492924;0.0492924;0.00390287;0.00390349;0.00390319;0.00390319
0.0492837;0.0492863;0.0492821;0.0492821;0.00390337;0.00390399;0.00390369;0.00390369
0.0492735;0.0492761;0.0492719;0.0492719;0.00390388;0.0039045;0.0039042;0.0039042
0.0492632;0.0492658;0.0492617;0.0492617;0.0039044;0.00390502;0.00390472;0.00390472
0.049253;0.0492556;0.0492515;0.0492515;0.00390493;0.00390555;0.00390525;0.00390525
0.0492428;0.0492454;0.0492413;0.0492413;0.00390547;0.00390609;0.0039058;0.0039058
0.0492327;0.0492353;0.0492311;0.0492311;0.00390603;0.00390665;0.00390635;0.00390635
0.0492225;0.0492251;0.0492209;0.0492209;0.00390659;0.00390721;0.00390691;0.00390691
0.0492123;0.049215;0.0492108;0.0492108;0.00390716;0.00390778;0.00390749;0.00390749
0.0492022;0.0492048;0.0492007;0.0492007;0.00390774;0.00390836;0.00390807;0.00390807
0.0491921;0.0491947;0.0491906;0.0491906;0.00390834;0.00390896;0.00390866;0.00390866
0.049182;0.0491846;0.0491805;0.0491805;0.00390894;0.00390956;0.00390927;0.00390927
0.0491719;0.0491745;0.0491704;0.0491704;0.00390955;0.00391017;0.00390988;0.00390988
0.0491618;0.0491645;0.0491603;0.0491603;0.00391017;0.00391079;0.0039105;0.0039105
0.0491518;0.0491544;0.0491503;0.0491503;0.0039108;0.00391142;0.00391113;0.00391113
0.0491417;0.0491444;0.0491402;0.0491402;0.00391144;0.00391206;0.00391177;0.00391177
0.0491317;0.0491344;0.0491302;0.0491302;0.00391209;0.00391271;0.00391242;0.00391242
0.0491217;0.0491244;0.0491202;0.0491202;0.00391275;0.00391337;0.00391308;0.00391308
0.0491117;0.0491144;0.0491102;0.0491102;0.00391341;0.00391404;0.00391375;0.00391375
0.0491018;0.0491044;0.0491003;0.0491003;0.00391409;0.00391471;0.00391442;0.00391442
0.0490918;0.0490945;0.0490903;0.0490903;0.00391477;0.0039154;0.00391511;0.00391511
0.0490819;0.0490845;0.0490804;0.0490804;0.00391547;0.00391609;0.0039158;0.0039158
0.049072;0.0490746;0.0490705;0.0490705;0.00391617;0.00391679;0.00391651;0.00391651
0.0490621;0.0490647;0.0490606;0.0490606;0.00391688;0.0039175;0.00391722;0.00391722
0.0490522;0.0490549;0.0490507;0.0490507;0.0039176;0.00391822;0.00391794;0.00391794
0.0490423;0.049045;0.0490409;0.0490409;0.00391832;0.00391895;0.00391866;0.00391866
0.0490325;0.0490351;0.049031;0.049031;0.00391906;0.00391968;0.0039194;0.0039194
0.0490226;0.0490253;0.0490212;0.0490212;0.0039198;0.00392043;0.00392014;0.00392014
0.0490128;0.0490155;0.0490114;0.0490114;0.00392055;0.00392118;0.00392089;0.00392089
0.049003;0.0490057;0.0490016;0.0490016;0.00392131;0.00392193;0.00392165;0.00392165
0.0489932;0.0489959;0.0489918;0.0489918;0.00392207;0.0039227;0.00392242;0.00392242
0.0489835;0.0489862;0.048982;0.048982;0.00392285;0.00392347;0.00392319;0.00392319
0.0489737;0.0489764;0.0489723;0.0489723;0.00392363;0.00392426;0.00392397;0.00392397
0.048964;0.0489667;0.0489626;0.0489626;0.00392442;0.00392504;0.00392476;0.00392476
0.0489543;0.048957;0.0489529;0.0489529;0.00392521;0.00392584;0.00392556;0.00392556
0.0489446;0.0489473;0.0489432;0.0489432;0.00392602;0.00392664;0.00392636;0.00392636
0.0489349;0.0489376;0.0489335;0.0489335;0.00392683;0.00392745;0.00392717;0.00392717
0.0489253;0.048928;0.0489239;0.0489239;0.00392764;0.00392827;0.00392799;0.00392799
0.0489156;0.0489183;0.0489142;0.0489142;0.00392847;0.00392909;0.00392882;0.00392882
0.048906;0.0489087;0.0489046;0.0489046;0.0039293;0.00392993;0.00392965;0.00392965
0.0488964;0.0488991;0.048895;0.048895;0.00393014;0.00393076;0.00393049;0.00393049
0.0488868;0.0488895;0.0488854;0.0488854;0.00393098;0.00393161;0.00393133;0.00393133
0.0488772;0.04888;0.0488759;0.0488759;0.00393183;0.00393246;0.00393218;0.00393218
0.0488677;0.0488704;0.0488663;0.0488663;0.00393269;0.00393332;0.00393304;0.00393304
0.0488582;0.0488609;0.0488568;0.0488568;0.00393355;0.00393418;0.00393391;0.00393391
0.0488486;0.0488514;0.0488473;0.0488473;0.00393442;0.00393505;0.00393478;0.00393478
0.0488391;0.0488419;0.0488378;0.0488378;0.0039353;0.00393593;0.00393566;0.00393566
0.0488297;0.0488324;0.0488283;0.0488283;0.00393618;0.00393681;0.00393654;0.00393654
0.0488202;0.048823;0.0488189;0.0488189;0.00393707;0.0039377;0.00393743;0.00393743
0.0488108;0.0488135;0.0488094;0.0488094;0.00393797;0.0039386;0.00393833;0.00393833
0.0488013;0.0488041;0.0488;0.0488;0.00393887;0.0039395;0.00393923;0.00393923
0.0487919;0.0487947;0.0487906;0.0487906;0.00393978;0.00394041;0.00394014;0.00394014
0.0487826;0.0487853;0.0487812;0.0487812;0.00394069;0.00394132;0.00394105;0.00394105
0.0487732;0.048776;0.0487719;0.0487719;0.00394161;0.00394224;0.00394197;0.00394197
0.0487638;0.0487666;0.0487625;0.0487625;0.00394253;0.00394316;0.00394289;0.00394289
0.0487545;0.0487573;0.0487532;0.0487532;0.00394346;0.00394409;0.00394382;0.00394382
0.0487452;0.048748;0.0487439;0.0487439;0.0039444;0.00394503;0.00394476;0.00394476
0.0487359;0.0487387;0.0487346;0.0487346;0.00394534;0.00394597;0.0039457;0.0039457
0.0487266;0.0487294;0.0487253;0.0487253;0.00394628;0.00394691;0.00394665;0.00394665
0.0487174;0.0487202;0.0487161;0.0487161;0.00394723;0.00394786;0.0039476;0.0039476
0.0487081;0.048711;0.0487069;0.0487069;0.00394819;0.00394882;0.00394856;0.00394856
0.0486989;0.0487017;0.0486977;0.0486977;0.00394915;0.00394978;0.00394952;0.00394952
0.0486897;0.0486925;0.0486885;0.0486885;0.00395012;0.00395075;0.00395048;0.00395048
0.0486806;0.0486834;0.0486793;0.0486793;0.00395109;0.00395172;0.00395146;0.00395146
0.0486714;0.0486742;0.0486701;0.0486701;0.00395206;0.0039527;0.00395243;0.00395243
0.0486623;0.0486651;0.048661;0.048661;0.00395305;0.00395368;0.00395342;0.00395342
0.0486531;0.048656;0.0486519;0.0486519;0.00395403;0.00395466;0.0039544;0.0039544
0.048644;0.0486469;0.0486428;0.0486428;0.00395502;0.00395565;0.00395539;0.00395539
0.0486349;0.0486378;0.0486337;0.0486337;0.00395602;0.00395665;0.00395639;0.00395639
0.0486259;0.0486287;0.0486246;0.0486246;0.00395702;0.00395765;0.00395739;0.00395739
0.0486168;0.0486197;0.0486156;0.0486156;0.00395802;0.00395865;0.0039584;0.0039584
0.0486078;0.0486106;0.0486066;0.0486066;0.00395903;0.00395966;0.0039594;0.0039594
0.0485988;0.0486016;0.0485976;0.0485976;0.00396004;0.00396068;0.00396042;0.00396042
0.0485898;0.0485927;0.0485886;0.0485886;0.00396106;0.00396169;0.00396144;0.00396144
0.0485808;0.0485837;0.0485796;0.0485796;0.00396208;0.00396271;0.00396246;0.00396246
0.0485719;0.0485747;0.0485707;0.0485707;0.00396311;0.00396374;0.00396348;0.00396348
0.048563;0.0485658;0.0485617;0.0485617;0.00396414;0.00396477;0.00396451;0.00396451
0.048554;0.0485569;0.0485528;0.0485528;0.00396517;0.0039658;0.00396555;0.00396555
0.0485452;0.048548;0.048544;0.048544;0.00396621;0.00396684;0.00396659;0.00396659
0.0485363;0.0485391;0.0485351;0.0485351;0.00396725;0.00396788;0.00396763;0.00396763
0.0485274;0.0485303;0.0485262;0.0485262;0.00396829;0.00396893;0.00396868;0.00396868
0.0485186;0.0485215;0.0485174;0.0485174;0.00396934;0.00396998;0.00396973;0.00396973
0.0485098;0.0485127;0.0485086;0.0485086;0.00397039;0.00397103;0.00397078;0.00397078
0.048501;0.0485039;0.0484998;0.0484998;0.00397145;0.00397209;0.00397184;0.00397184
0.0484922;0.0484951;0.048491;0.048491;0.00397251;0.00397315;0.0039729;0.0039729
0.0484834;0.0484863;0.0484823;0.0484823;0.00397357;0.00397421;0.00397396;0.00397396
0.0484747;0.0484776;0.0484735;0.0484735;0.00397464;0.00397528;0.00397503;0.00397503
0.048466;0.0484689;0.0484648;0.0484648;0.00397571;0.00397635;0.0039761;0.0039761
0.0484573;0.0484602;0.0484561;0.0484561;0.00397679;0.00397742;0.00397717;0.00397717
0.0484486;0.0484515;0.0484475;0.0484475;0.00397786;0.0039785;0.00397825;0.00397825
0.0484399;0.0484429;0.0484388;0.0484388;0.00397894;0.00397958;0.00397933;0.00397933
0.0484313;0.0484342;0.0484302;0.0484302;0.00398003;0.00398066;0.00398042;0.00398042
0.0484227;0.0484256;0.0484216;0.0484216;0.00398111;0.00398175;0.0039815;0.0039815
0.0484141;0.048417;0.048413;0.048413;0.0039822;0.00398284;0.00398259;0.00398259
0.0484055;0.0484084;0.0484044;0.0484044;0.00398329;0.00398393;0.00398369;0.00398369
0.0483969;0.0483999;0.0483958;0.0483958;0.00398439;0.00398503;0.00398478;0.00398478
0.0483884;0.0483913;0.0483873;0.0483873;0.00398549;0.00398613;0.00398588;0.00398588
0.0483799;0.0483828;0.0483788;0.0483788;0.00398659;0.00398723;0.00398699;0.00398699
0.0483714;0.0483743;0.0483703;0.0483703;0.00398769;0.00398833;0.00398809;0.00398809
0.0483629;0.0483658;0.0483618;0.0483618;0.0039888;0.00398944;0.0039892;0.0039892
0.0483544;0.0483574;0.0483533;0.0483533;0.00398991;0.00399055;0.00399031;0.00399031
0.048346;0.0483489;0.0483449;0.0483449;0.00399102;0.00399166;0.00399142;0.00399142
0.0483375;0.0483405;0.0483365;0.0483365;0.00399214;0.00399278;0.00399254;0.00399254
0.0483291;0.0483321;0.0483281;0.0483281;0.00399325;0.00399389;0.00399365;0.00399365
0.0483208;0.0483237;0.0483197;0.0483197;0.00399437;0.00399501;0.00399478;0.00399478
0.0483124;0.0483153;0.0483113;0.0483113;0.0039955;0.00399614;0.0039959;0.0039959
0.048304;0.048307;0.048303;0.048303;0.00399662;0.00399726;0.00399702;0.00399702
0.0482957;0.0482987;0.0482947;0.0482947;0.00399775;0.00399839;0.00399815;0.00399815
0.0482874;0.0482904;0.0482864;0.0482864;0.00399888;0.00399952;0.00399928;0.00399928
0.0482791;0.0482821;0.0482781;0.0482781;0.00400001;0.00400065;0.00400041;0.00400041
0.0482708;0.0482738;0.0482698;0.0482698;0.00400114;0.00400178;0.00400155;0.00400155
0.0482626;0.0482656;0.0482616;0.0482616;0.00400228;0.00400292;0.00400268;0.00400268
0.0482544;0.0482573;0.0482533;0.0482533;0.00400342;0.00400406;0.00400382;0.00400382
0.0482462;0.0482491;0.0482451;0.0482451;0.00400456;0.0040052;0.00400496;0.00400496
0.048238;0.048241;0.0482369;0.0482369;0.0040057;0.00400634;0.00400611;0.00400611
0.0482298;0.0482328;0.0482288;0.0482288;0.00400684;0.00400748;0.00400725;0.00400725
0.0482216;0.0482246;0.0482206;0.0482206;0.00400799;0.00400863;0.0040084;0.0040084
0.0482135;0.0482165;0.0482125;0.0482125;0.00400913;0.00400978;0.00400955;0.00400955
0.0482054;0.0482084;0.0482044;0.0482044;0.00401028;0.00401093;0.0040107;0.0040107
0.0481973;0.0482003;0.0481963;0.0481963;0.00401144;0.00401208;0.00401185;0.00401185
0.0481892;0.0481922;0.0481882;0.0481882;0.00401259;0.00401323;0.004013;0.004013
0.0481812;0.0481842;0.0481802;0.0481802;0.00401374;0.00401439;0.00401416;0.00401416
0.0481731;0.0481762;0.0481722;0.0481722;0.0040149;0.00401554;0.00401532;0.00401532
0.0481651;0.0481681;0.0481642;0.0481642;0.00401606;0.0040167;0.00401647;0.00401647
0.0481571;0.0481602;0.0481562;0.0481562;0.00401722;0.00401786;0.00401764;0.00401764
0.0481492;0.0481522;0.0481482;0.0481482;0.00401838;0.00401902;0.0040188;0.0040188
0.0481412;0.0481442;0.0481402;0.0481402;0.00401954;0.00402018;0.00401996;0.00401996
0.0481333;0.0481363;0.0481323;0.0481323;0.00402071;0.00402135;0.00402113;0.00402113
0.0481254;0.0481284;0.0481244;0.0481244;0.00402187;0.00402251;0.00402229;0.00402229
0.0481175;0.0481205;0.0481165;0.0481165;0.00402304;0.00402368;0.00402346;0.00402346
0.0481096;0.0481126;0.0481086;0.0481086;0.00402421;0.00402485;0.00402463;0.00402463
0.0481017;0.0481048;0.0481008;0.0481008;0.00402538;0.00402602;0.0040258;0.0040258
0.0480939;0.0480969;0.048093;0.048093;0.00402655;0.00402719;0.00402697;0.00402697
0.0480861;0.0480891;0.0480851;0.0480851;0.00402772;0.00402836;0.00402814;0.00402814
0.0480783;0.0480813;0.0480774;0.0480774;0.00402889;0.00402953;0.00402932;0.00402932
0.0480705;0.0480735;0.0480696;0.0480696;0.00403007;0.00403071;0.00403049;0.00403049
0.0480627;0.0480658;0.0480618;0.0480618;0.00403124;0.00403188;0.00403167;0.00403167
0.048055;0.048058;0.0480541;0.0480541;0.00403242;0.00403306;0.00403285;0.00403285
0.0480473;0.0480503;0.0480464;0.0480464;0.00403359;0.00403424;0.00403402;0.00403402
0.0480396;0.0480426;0.0480387;0.0480387;0.00403477;0.00403542;0.0040352;0.0040352
0.0480319;0.048035;0.048031;0.048031;0.00403595;0.0040366;0.00403638;0.00403638
0.0480242;0.0480273;0.0480233;0.0480233;0.00403713;0.00403778;0.00403756;0.00403756
0.0480166;0.0480197;0.0480157;0.0480157;0.00403831;0.00403896;0.00403875;0.00403875
0.0480089;0.048012;0.0480081;0.0480081;0.0040395;0.00404014;0.00403993;0.00403993
0.0480013;0.0480044;0.0480005;0.0480005;0.00404068;0.00404132;0.00404111;0.00404111
0.0479938;0.0479969;0.0479929;0.0479929;0.00404186;0.00404251;0.0040423;0.0040423
0.0479862;0.0479893;0.0479853;0.0479853;0.00404305;0.00404369;0.00404348;0.00404348
0.0479786;0.0479817;0.0479778;0.0479778;0.00404423;0.00404488;0.00404467;0.00404467
0.0479711;0.0479742;0.0479703;0.0479703;0.00404542;0.00404606;0.00404585;0.00404585
0.0479636;0.0479667;0.0479628;0.0479628;0.0040466;0.00404725;0.00404704;0.00404704
0.0479561;0.0479592;0.0479553;0.0479553;0.00404779;0.00404844;0.00404823;0.00404823
0.0479487;0.0479518;0.0479478;0.0479478;0.00404898;0.00404962;0.00404942;0.00404942
0.0479412;0.0479443;0.0479404;0.0479404;0.00405017;0.00405081;0.00405061;0.00405061
0.0479338;0.0479369;0.047933;0.047933;0.00405135;0.004052;0.0040518;0.0040518
0.0479264;0.0479295;0.0479256;0.0479256;0.00405254;0.00405319;0.00405298;0.00405298
0.047919;0.0479221;0.0479182;0.0479182;0.00405373;0.00405438;0.00405418;0.00405418
0.0479116;0.0479147;0.0479108;0.0479108;0.00405492;0.00405557;0.00405537;0.00405537
0.0479043;0.0479074;0.0479035;0.0479035;0.00405611;0.00405676;0.00405656;0.00405656
0.0478969;0.0479001;0.0478961;0.0478961;0.0040573;0.00405795;0.00405775;0.00405775
0.0478896;0.0478927;0.0478888;0.0478888;0.00405849;0.00405914;0.00405894;0.00405894
0.0478823;0.0478855;0.0478815;0.0478815;0.00405969;0.00406033;0.00406013;0.00406013
0.047875;0.0478782;0.0478743;0.0478743;0.00406088;0.00406152;0.00406132;0.00406132
0.0478678;0.0478709;0.047867;0.047867;0.00406207;0.00406272;0.00406252;0.00406252
0.0478605;0.0478637;0.0478598;0.0478598;0.00406326;0.00406391;0.00406371;0.00406371
0.0478533;0.0478565;0.0478526;0.0478526;0.00406445;0.0040651;0.0040649;0.0040649
0.0478461;0.0478493;0.0478454;0.0478454;0.00406565;0.00406629;0.0040661;0.0040661
0.0478389;0.0478421;0.0478382;0.0478382;0.00406684;0.00406749;0.00406729;0.00406729
0.0478318;0.0478349;0.047831;0.047831;0.00406803;0.00406868;0.00406848;0.00406848
0.0478246;0.0478278;0.0478239;0.0478239;0.00406922;0.00406987;0.00406968;0.00406968
0.0478175;0.0478207;0.0478168;0.0478168;0.00407042;0.00407106;0.00407087;0.00407087
0.0478104;0.0478136;0.0478097;0.0478097;0.00407161;0.00407226;0.00407206;0.00407206
0.0478033;0.0478065;0.0478026;0.0478026;0.0040728;0.00407345;0.00407326;0.00407326
0.0477963;0.0477994;0.0477955;0.0477955;0.00407399;0.00407464;0.00407445;0.00407445
0.0477892;0.0477924;0.0477885;0.0477885;0.00407519;0.00407583;0.00407564;0.00407564
0.0477822;0.0477854;0.0477815;0.0477815;0.00407638;0.00407703;0.00407684;0.00407684
0.0477752;0.0477784;0.0477745;0.0477745;0.00407757;0.00407822;0.00407803;0.00407803
0.0477682;0.0477714;0.0477675;0.0477675;0.00407876;0.00407941;0.00407922;0.00407922
0.0477612;0.0477644;0.0477605;0.0477605;0.00407995;0.0040806;0.00408041;0.00408041
0.0477543;0.0477575;0.0477536;0.0477536;0.00408115;0.00408179;0.00408161;0.00408161
0.0477473;0.0477505;0.0477467;0.0477467;0.00408234;0.00408299;0.0040828;0.0040828
0.0477404;0.0477436;0.0477397;0.0477397;0.00408353;0.00408418;0.00408399;0.00408399
0.0477335;0.0477367;0.0477329;0.0477329;0.00408472;0.00408537;0.00408518;0.00408518
0.0477266;0.0477299;0.047726;0.047726;0.00408591;0.00408656;0.00408637;0.00408637
0.0477198;0.047723;0.0477191;0.0477191;0.0040871;0.00408775;0.00408757;0.00408757
0.0477129;0.0477162;0.0477123;0.0477123;0.00408829;0.00408894;0.00408876;0.00408876
0.0477061;0.0477094;0.0477055;0.0477055;0.00408948;0.00409013;0.00408995;0.00408995
0.0476993;0.0477026;0.0476987;0.0476987;0.00409067;0.00409132;0.00409114;0.00409114
0.0476925;0.0476958;0.0476919;0.0476919;0.00409186;0.00409251;0.00409233;0.00409233
0.0476858;0.047689;0.0476851;0.0476851;0.00409305;0.0040937;0.00409352;0.00409352
0.047679;0.0476823;0.0476784;0.0476784;0.00409424;0.00409488;0.00409471;0.00409471
0.0476723;0.0476755;0.0476717;0.0476717;0.00409542;0.00409607;0.00409589;0.00409589
0.0476656;0.0476688;0.047665;0.047665;0.00409661;0.00409726;0.00409708;0.00409708
0.0476589;0.0476622;0.0476583;0.0476583;0.0040978;0.00409845;0.00409827;0.00409827
0.0476522;0.0476555;0.0476516;0.0476516;0.00409898;0.00409963;0.00409946;0.00409946
0.0476456;0.0476488;0.047645;0.047645;0.00410017;0.00410082;0.00410064;0.00410064
0.0476389;0.0476422;0.0476384;0.0476384;0.00410135;0.004102;0.00410183;0.00410183
0.0476323;0.0476356;0.0476317;0.0476317;0.00410254;0.00410319;0.00410301;0.00410301
0.0476257;0.047629;0.0476251;0.0476251;0.00410372;0.00410437;0.0041042;0.0041042
0.0476192;0.0476224;0.0476186;0.0476186;0.0041049;0.00410555;0.00410538;0.00410538
0.0476126;0.0476159;0.047612;0.047612;0.00410609;0.00410674;0.00410656;0.00410656
0.047606;0.0476093;0.0476055;0.0476055;0.00410727;0.00410792;0.00410775;0.00410775
0.0475995;0.0476028;0.047599;0.047599;0.00410845;0.0041091;0.00410893;0.00410893
0.047593;0.0475963;0.0475925;0.0475925;0.00410963;0.00411028;0.00411011;0.00411011
0.0475865;0.0475898;0.047586;0.047586;0.00411081;0.00411146;0.00411129;0.00411129
0.0475801;0.0475833;0.0475795;0.0475795;0.00411199;0.00411264;0.00411247;0.00411247
0.0475736;0.0475769;0.0475731;0.0475731;0.00411316;0.00411381;0.00411365;0.00411365
0.0475672;0.0475705;0.0475666;0.0475666;0.00411434;0.00411499;0.00411482;0.00411482
0.0475608;0.0475641;0.0475602;0.0475602;0.00411552;0.00411617;0.004116;0.004116
0.0475544;0.0475577;0.0475538;0.0475538;0.00411669;0.00411734;0.00411718;0.00411718
0.047548;0.0475513;0.0475475;0.0475475;0.00411787;0.00411852;0.00411835;0.00411835
0.0475416;0.0475449;0.0475411;0.0475411;0.00411904;0.00411969;0.00411953;0.00411953
0.0475353;0.0475386;0.0475348;0.0475348;0.00412021;0.00412086;0.0041207;0.0041207
0.047529;0.0475323;0.0475285;0.0475285;0.00412138;0.00412203;0.00412187;0.00412187
0.0475227;0.047526;0.0475222;0.0475222;0.00412256;0.00412321;0.00412304;0.00412304
0.0475164;0.0475197;0.0475159;0.0475159;0.00412373;0.00412438;0.00412421;0.00412421
0.0475101;0.0475134;0.0475096;0.0475096;0.00412489;0.00412554;0.00412538;0.00412538
0.0475038;0.0475072;0.0475034;0.0475034;0.00412606;0.00412671;0.00412655;0.00412655
0.0474976;0.0475009;0.0474971;0.0474971;0.00412723;0.00412788;0.00412772;0.00412772
0.0474914;0.0474947;0.0474909;0.0474909;0.0041284;0.00412905;0.00412889;0.00412889
0.0474852;0.0474885;0.0474847;0.0474847;0.00412956;0.00413021;0.00413005;0.00413005
0.047479;0.0474824;0.0474786;0.0474786;0.00413072;0.00413137;0.00413122;0.00413122
0.0474729;0.0474762;0.0474724;0.0474724;0.00413189;0.00413254;0.00413238;0.00413238
0.0474667;0.0474701;0.0474663;0.0474663;0.00413305;0.0041337;0.00413354;0.00413354
0.0474606;0.0474639;0.0474601;0.0474601;0.00413421;0.00413486;0.00413471;0.00413471
0.0474545;0.0474578;0.047454;0.047454;0.00413537;0.00413602;0.00413587;0.00413587
0.0474484;0.0474517;0.0474479;0.0474479;0.00413653;0.00413718;0.00413702;0.00413702
0.0474423;0.0474457;0.0474419;0.0474419;0.00413768;0.00413833;0.00413818;0.00413818
0.0474362;0.0474396;0.0474358;0.0474358;0.00413884;0.00413949;0.00413934;0.00413934
0.0474302;0.0474336;0.0474298;0.0474298;0.00413999;0.00414064;0.00414049;0.00414049
0.0474242;0.0474276;0.0474238;0.0474238;0.00414115;0.0041418;0.00414165;0.00414165
0.0474182;0.0474216;0.0474178;0.0474178;0.0041423;0.00414295;0.0041428;0.0041428
0.0474122;0.0474156;0.0474118;0.0474118;0.00414345;0.0041441;0.00414395;0.00414395
0.0474062;0.0474096;0.0474058;0.0474058;0.0041446;0.00414525;0.00414511;0.00414511
0.0474003;0.0474037;0.0473999;0.0473999;0.00414575;0.0041464;0.00414626;0.00414626
0.0473943;0.0473977;0.047394;0.047394;0.0041469;0.00414755;0.0041474;0.0041474
0.0473884;0.0473918;0.047388;0.047388;0.00414804;0.00414869;0.00414855;0.00414855
0.0473825;0.0473859;0.0473822;0.0473822;0.00414919;0.00414984;0.0041497;0.0041497
0.0473766;0.04738;0.0473763;0.0473763;0.00415033;0.00415098;0.00415084;0.00415084
0.0473708;0.0473742;0.0473704;0.0473704;0.00415148;0.00415213;0.00415198;0.00415198
0.0473649;0.0473683;0.0473646;0.0473646;0.00415262;0.00415327;0.00415313;0.00415313
0.0473591;0.0473625;0.0473588;0.0473588;0.00415376;0.00415441;0.00415427;0.00415427
0.0473533;0.0473567;0.0473529;0.0473529;0.00415489;0.00415554;0.0041554;0.0041554
0.0473475;0.0473509;0.0473472;0.0473472;0.00415603;0.00415668;0.00415654;0.00415654
0.0473417;0.0473451;0.0473414;0.0473414;0.00415717;0.00415782;0.00415768;0.00415768
0.047336;0.0473394;0.0473356;0.0473356;0.0041583;0.00415895;0.00415881;0.00415881
0.0473302;0.0473336;0.0473299;0.0473299;0.00415943;0.00416008;0.00415995;0.00415995
0.0473245;0.0473279;0.0473242;0.0473242;0.00416057;0.00416122;0.00416108;0.00416108
0.0473188;0.0473222;0.0473185;0.0473185;0.0041617;0.00416234;0.00416221;0.00416221
0.0473131;0.0473165;0.0473128;0.0473128;0.00416282;0.00416347;0.00416334;0.00416334
0.0473074;0.0473108;0.0473071;0.0473071;0.00416395;0.0041646;0.00416447;0.00416447
0.0473017;0.0473052;0.0473014;0.0473014;0.00416508;0.00416573;0.00416559;0.00416559
0.0472961;0.0472995;0.0472958;0.0472958;0.0041662;0.00416685;0.00416672;0.00416672
0.0472905;0.0472939;0.0472902;0.0472902;0.00416732;0.00416797;0.00416784;0.00416784
0.0472849;0.0472883;0.0472846;0.0472846;0.00416844;0.00416909;0.00416896;0.00416896
0.0472793;0.0472827;0.047279;0.047279;0.00416956;0.00417021;0.00417008;0.00417008
0.0472737;0.0472771;0.0472734;0.0472734;0.00417068;0.00417133;0.0041712;0.0041712
0.0472681;0.0472716;0.0472679;0.0472679;0.0041718;0.00417245;0.00417232;0.00417232
0.0472626;0.047266;0.0472623;0.0472623;0.00417291;0.00417356;0.00417344;0.00417344
0.0472571;0.0472605;0.0472568;0.0472568;0.00417403;0.00417468;0.00417455;0.00417455
0.0472516;0.047255;0.0472513;0.0472513;0.00417514;0.00417579;0.00417566;0.00417566
0.0472461;0.0472495;0.0472458;0.0472458;0.00417625;0.0041769;0.00417677;0.00417677
0.0472406;0.0472441;0.0472404;0.0472404;0.00417736;0.00417801;0.00417788;0.00417788
0.0472351;0.0472386;0.0472349;0.0472349;0.00417847;0.00417911;0.00417899;0.00417899
0.0472297;0.0472332;0.0472295;0.0472295;0.00417957;0.00418022;0.0041801;0.0041801
0.0472243;0.0472277;0.0472241;0.0472241;0.00418068;0.00418132;0.0041812;0.0041812
0.0472189;0.0472223;0.0472186;0.0472186;0.00418178;0.00418243;0.00418231;0.00418231
0.0472135;0.0472169;0.0472133;0.0472133;0.00418288;0.00418353;0.00418341;0.00418341
0.0472081;0.0472116;0.0472079;0.0472079;0.00418398;0.00418463;0.00418451;0.00418451
0.0472027;0.0472062;0.0472025;0.0472025;0.00418508;0.00418572;0.00418561;0.00418561
0.0471974;0.0472009;0.0471972;0.0471972;0.00418617;0.00418682;0.0041867;0.0041867
0.0471921;0.0471956;0.0471919;0.0471919;0.00418727;0.00418791;0.0041878;0.0041878
0.0471867;0.0471902;0.0471866;0.0471866;0.00418836;0.00418901;0.00418889;0.00418889
0.0471815;0.047185;0.0471813;0.0471813;0.00418945;0.0041901;0.00418998;0.00418998
0.0471762;0.0471797;0.047176;0.047176;0.00419054;0.00419119;0.00419107;0.00419107
0.0471709;0.0471744;0.0471707;0.0471707;0.00419163;0.00419227;0.00419216;0.00419216
0.0471657;0.0471692;0.0471655;0.0471655;0.00419271;0.00419336;0.00419325;0.00419325
0.0471604;0.0471639;0.0471603;0.0471603;0.0041938;0.00419444;0.00419433;0.00419433
0.0471552;0.0471587;0.0471551;0.0471551;0.00419488;0.00419553;0.00419542;0.00419542
0.04715;0.0471535;0.0471499;0.0471499;0.00419596;0.00419661;0.0041965;0.0041965
0.0471448;0.0471484;0.0471447;0.0471447;0.00419704;0.00419768;0.00419758;0.00419758
0.0471397;0.0471432;0.0471395;0.0471395;0.00419811;0.00419876;0.00419865;0.00419865
0.0471345;0.047138;0.0471344;0.0471344;0.00419919;0.00419984;0.00419973;0.00419973
0.0471294;0.0471329;0.0471293;0.0471293;0.00420026;0.00420091;0.00420081;0.00420081
0.0471243;0.0471278;0.0471242;0.0471242;0.00420134;0.00420198;0.00420188;0.00420188
0.0471192;0.0471227;0.0471191;0.0471191;0.00420241;0.00420305;0.00420295;0.00420295
0.0471141;0.0471176;0.047114;0.047114;0.00420347;0.00420412;0.00420402;0.00420402
0.047109;0.0471125;0.0471089;0.0471089;0.00420454;0.00420519;0.00420509;0.00420509
0.0471039;0.0471075;0.0471039;0.0471039;0.00420561;0.00420625;0.00420615;0.00420615
0.0470989;0.0471025;0.0470988;0.0470988;0.00420667;0.00420731;0.00420721;0.00420721
0.0470939;0.0470974;0.0470938;0.0470938;0.00420773;0.00420838;0.00420828;0.00420828
0.0470889;0.0470924;0.0470888;0.0470888;0.00420879;0.00420943;0.00420934;0.00420934
0.0470839;0.0470874;0.0470838;0.0470838;0.00420985;0.00421049;0.00421039;0.00421039
0.0470789;0.0470825;0.0470788;0.0470788;0.0042109;0.00421155;0.00421145;0.00421145
0.0470739;0.0470775;0.0470739;0.0470739;0.00421196;0.0042126;0.00421251;0.00421251
0.047069;0.0470726;0.0470689;0.0470689;0.00421301;0.00421365;0.00421356;0.00421356
0.0470641;0.0470676;0.047064;0.047064;0.00421406;0.0042147;0.00421461;0.00421461
0.0470591;0.0470627;0.0470591;0.0470591;0.00421511;0.00421575;0.00421566;0.00421566
0.0470542;0.0470578;0.0470542;0.0470542;0.00421615;0.0042168;0.00421671;0.00421671
0.0470494;0.0470529;0.0470493;0.0470493;0.0042172;0.00421784;0.00421775;0.00421775
0.0470445;0.0470481;0.0470445;0.0470445;0.00421824;0.00421888;0.00421879;0.00421879
0.0470396;0.0470432;0.0470396;0.0470396;0.00421928;0.00421993;0.00421984;0.00421984
0.0470348;0.0470384;0.0470348;0.0470348;0.00422032;0.00422096;0.00422088;0.00422088
0.04703;0.0470336;0.04703;0.04703;0.00422136;0.004222;0.00422191;0.00422191
0.0470252;0.0470288;0.0470252;0.0470252;0.00422239;0.00422304;0.00422295;0.00422295
0.0470204;0.047024;0.0470204;0.0470204;0.00422342;0.00422407;0.00422398;0.00422398
0.0470156;0.0470192;0.0470156;0.0470156;0.00422446;0.0042251;0.00422502;0.00422502
